user_id,session_id,page_path,entered_at_epoch_ms,left_at_epoch_ms,duration_ms
A,f54682c8-eace-47d6-8cc0-ae2b702ca85b,/user/normal/manual,1774335001729,1774335324412,322683
A,f54682c8-eace-47d6-8cc0-ae2b702ca85b,/user/normal/llm,1774335324413,,
A,f54682c8-eace-47d6-8cc0-ae2b702ca85b,/user/normal/llm,1774335327568,,
A,f54682c8-eace-47d6-8cc0-ae2b702ca85b,/user/normal/llm,1774335329052,,
A,f54682c8-eace-47d6-8cc0-ae2b702ca85b,/user/normal/llm,1774335332925,,
A,f54682c8-eace-47d6-8cc0-ae2b702ca85b,/welcome,1774335663630,1774335674801,11171
A,f54682c8-eace-47d6-8cc0-ae2b702ca85b,/user/start,1774335674801,1774335696553,21752
AP,e57001ac-8e42-443e-a431-208cb2a477d0,/user/normal/manual,1774335012031,1774335253632,241601
AP,e57001ac-8e42-443e-a431-208cb2a477d0,/user/normal/llm,1774335253633,,
AP,e57001ac-8e42-443e-a431-208cb2a477d0,/user/normal/llm,1774335258773,,
AP,e57001ac-8e42-443e-a431-208cb2a477d0,/user/normal/llm,1774335261259,,
AP,e57001ac-8e42-443e-a431-208cb2a477d0,/user/normal/llm,1774335264357,,
AP,e57001ac-8e42-443e-a431-208cb2a477d0,/welcome,1774336201480,1774336207568,6088
AP,e57001ac-8e42-443e-a431-208cb2a477d0,/user/start,1774336207569,1774336222555,14986
Echo,d6f0ba4f-71ea-4257-87bb-62d84c429fa7,/user/normal/manual,1774335007797,1774335349176,341379
Echo,d6f0ba4f-71ea-4257-87bb-62d84c429fa7,/user/normal/llm,1774335349177,,
Echo,d6f0ba4f-71ea-4257-87bb-62d84c429fa7,/user/normal/llm,1774335352663,,
Echo,d6f0ba4f-71ea-4257-87bb-62d84c429fa7,/welcome,1774336205318,1774336211750,6432
Echo,d6f0ba4f-71ea-4257-87bb-62d84c429fa7,/user/start,1774336211751,1774336221851,10100
Echo,6d74f108-42c9-434e-bd30-a8333c2e5512,/user/normal/manual,1774336221852,1774336227304,5452
Echo,6d74f108-42c9-434e-bd30-a8333c2e5512,/welcome,1774336227304,1774336228376,1072
Echo,6d74f108-42c9-434e-bd30-a8333c2e5512,/user/start,1774336228376,,
Echo,6d74f108-42c9-434e-bd30-a8333c2e5512,/user/normal/llm,1774336253088,1774336253311,223
Echo,6d74f108-42c9-434e-bd30-a8333c2e5512,/user/normal/manual,1774336253313,,
Echo,6d74f108-42c9-434e-bd30-a8333c2e5512,/user/normal/manual,1774336264445,1774336270375,5930
Echo,6d74f108-42c9-434e-bd30-a8333c2e5512,/welcome,1774336270376,1774336274201,3825
Echo,6d74f108-42c9-434e-bd30-a8333c2e5512,/user/start,1774336274201,1774336302940,28739
Echo,ff3b7a24-998b-4c02-8218-e7cd6cd65518,/user/normal/manual,1774336302941,1774336314225,11284
Echo,ff3b7a24-998b-4c02-8218-e7cd6cd65518,/welcome,1774336314227,1774336318264,4037
Echo,ff3b7a24-998b-4c02-8218-e7cd6cd65518,/user/start,1774336318264,1774336331941,13677
Echo,f145b45d-6f69-43e2-b726-84a8d49467b7,/user/normal/manual,1774336331943,1774336355493,23550
Echo,f145b45d-6f69-43e2-b726-84a8d49467b7,/welcome,1774336355494,1774336356723,1229
Echo,f145b45d-6f69-43e2-b726-84a8d49467b7,/user/start,1774336356724,1774336363084,6360
Echo,f145b45d-6f69-43e2-b726-84a8d49467b7,/user/normal/manual,1774336363085,1774336370474,7389
Echo,f145b45d-6f69-43e2-b726-84a8d49467b7,/user/start,1774336370475,1774336402051,31576
Echo,f145b45d-6f69-43e2-b726-84a8d49467b7,/user/normal/manual,1774336402051,1774336406894,4843
Echo,f145b45d-6f69-43e2-b726-84a8d49467b7,/welcome,1774336406894,1774336410999,4105
Echo,f145b45d-6f69-43e2-b726-84a8d49467b7,/user/start,1774336410999,1774336432506,21507
Echo,f4fdd9a6-79b8-4dec-9eff-3fe3f8a0e31e,/user/normal/manual,1774336432506,1774336486520,54014
Echo,f4fdd9a6-79b8-4dec-9eff-3fe3f8a0e31e,/welcome,1774336486522,,
Echo,f4fdd9a6-79b8-4dec-9eff-3fe3f8a0e31e,/welcome,1774336488943,1774336495832,6889
Echo,f4fdd9a6-79b8-4dec-9eff-3fe3f8a0e31e,/user/start,1774336495833,1774336498078,2245
Echo,f4fdd9a6-79b8-4dec-9eff-3fe3f8a0e31e,/user/normal/manual,1774336498079,1774336564758,66679
Echo,f4fdd9a6-79b8-4dec-9eff-3fe3f8a0e31e,/user/normal/llm,1774336564759,1774336645887,81128
Echo,f4fdd9a6-79b8-4dec-9eff-3fe3f8a0e31e,/user/visualization,1774336645889,1774336672940,27051
Echo,f4fdd9a6-79b8-4dec-9eff-3fe3f8a0e31e,/user/normal/llm,1774336672940,1774336677411,4471
Echo,f4fdd9a6-79b8-4dec-9eff-3fe3f8a0e31e,/user/normal/manual,1774336677413,,
Echo,f4fdd9a6-79b8-4dec-9eff-3fe3f8a0e31e,/user/normal/manual,1774349685449,,
Elena,1f122fcc-377e-4d96-835c-19571a146df0,/user/normal/manual,1774335016719,1774335141871,125152
Elena,1f122fcc-377e-4d96-835c-19571a146df0,/user/normal/llm,1774335141872,,
Elena,1f122fcc-377e-4d96-835c-19571a146df0,/user/normal/llm,1774335144452,,
Elena,1f122fcc-377e-4d96-835c-19571a146df0,/user/normal/llm,1774335145793,,
Elena,1f122fcc-377e-4d96-835c-19571a146df0,/user/normal/llm,1774335147536,,
Elena,1f122fcc-377e-4d96-835c-19571a146df0,/user/normal/llm,1774335148977,,
Elena,1f122fcc-377e-4d96-835c-19571a146df0,/user/normal/llm,1774335150207,,
Elena,1f122fcc-377e-4d96-835c-19571a146df0,/user/normal/llm,1774335357510,,
Elena,1f122fcc-377e-4d96-835c-19571a146df0,/user/normal/llm,1774335358520,,
Elena,1f122fcc-377e-4d96-835c-19571a146df0,/user/normal/llm,1774335360670,,
Elena,1f122fcc-377e-4d96-835c-19571a146df0,/user/normal/llm,1774336200799,,
Elena,1f122fcc-377e-4d96-835c-19571a146df0,/user/normal/llm,1774341383298,,
Huilin,ce7f1d00-5429-4c2d-8e97-3d08840f31a3,/user/normal/manual,1774334971520,1774335185245,213725
Huilin,ce7f1d00-5429-4c2d-8e97-3d08840f31a3,/user/normal/llm,1774335185247,,
Huilin,ce7f1d00-5429-4c2d-8e97-3d08840f31a3,/welcome,1774336219724,1774336231340,11616
Huilin,ce7f1d00-5429-4c2d-8e97-3d08840f31a3,/user/start,1774336231341,1774336237174,5833
Jarvis,2af3b490-b6e8-40c2-8b85-cfa280ac6905,/user/normal/manual,1774335008340,1774335269615,261275
Jarvis,2af3b490-b6e8-40c2-8b85-cfa280ac6905,/user/normal/llm,1774335269616,,
Jarvis,2af3b490-b6e8-40c2-8b85-cfa280ac6905,/user/normal/llm,1774335273954,,
Jarvis,2af3b490-b6e8-40c2-8b85-cfa280ac6905,/user/normal/llm,1774335497395,,
Jarvis,2af3b490-b6e8-40c2-8b85-cfa280ac6905,/user/normal/llm,1774335755478,,
Jarvis,2af3b490-b6e8-40c2-8b85-cfa280ac6905,/user/normal/llm,1774336187117,,
Jarvis,2af3b490-b6e8-40c2-8b85-cfa280ac6905,/user/normal/llm,1774336212863,1774336459362,246499
Jarvis,2af3b490-b6e8-40c2-8b85-cfa280ac6905,/user/visualization,1774336459363,1774336533267,73904
Jarvis,2af3b490-b6e8-40c2-8b85-cfa280ac6905,/user/survey,1774336533268,,
Jarvis,2af3b490-b6e8-40c2-8b85-cfa280ac6905,/user/survey,1774336535059,,
Jarvis,2af3b490-b6e8-40c2-8b85-cfa280ac6905,/,1774336898353,1774336898729,376
Jarvis,2af3b490-b6e8-40c2-8b85-cfa280ac6905,/welcome,1774336898729,,
Jarvis,2af3b490-b6e8-40c2-8b85-cfa280ac6905,/,1774336906234,,
Jarvis,2af3b490-b6e8-40c2-8b85-cfa280ac6905,/welcome,1774336906239,,
Jarvis,2af3b490-b6e8-40c2-8b85-cfa280ac6905,/user/survey,1774337460436,,
Lei,b1f1ca7b-3e68-4ffa-99d8-b3bc29124882,/user/normal/manual,1774334987944,1774335249583,261639
Lei,b1f1ca7b-3e68-4ffa-99d8-b3bc29124882,/user/normal/llm,1774335249584,,
Lei,b1f1ca7b-3e68-4ffa-99d8-b3bc29124882,/user/normal/llm,1774335258554,,
Lei,b1f1ca7b-3e68-4ffa-99d8-b3bc29124882,/user/normal/llm,1774335485797,,
Lei,b1f1ca7b-3e68-4ffa-99d8-b3bc29124882,/user/normal/llm,1774336205630,1774336593376,387746
Lei,b1f1ca7b-3e68-4ffa-99d8-b3bc29124882,/user/visualization,1774336593376,1774337006569,413193
Lei,b1f1ca7b-3e68-4ffa-99d8-b3bc29124882,/user/survey,1774337006569,,
Lei,b1f1ca7b-3e68-4ffa-99d8-b3bc29124882,/user/survey,1774337106474,,
Lei,b1f1ca7b-3e68-4ffa-99d8-b3bc29124882,/user/survey,1774337120340,,
Nonsense,7515f6ea-089f-4bbc-9c4a-760dbc5611bb,/user/normal/manual,1774334987126,1774335212940,225814
Nonsense,7515f6ea-089f-4bbc-9c4a-760dbc5611bb,/user/normal/llm,1774335212941,,
Nonsense,7515f6ea-089f-4bbc-9c4a-760dbc5611bb,/user/normal/llm,1774335215648,1774335218485,2837
Nonsense,7515f6ea-089f-4bbc-9c4a-760dbc5611bb,/user/normal/manual,1774335218486,1774335218901,415
Nonsense,7515f6ea-089f-4bbc-9c4a-760dbc5611bb,/user/normal/llm,1774335218901,1774335313126,94225
Nonsense,7515f6ea-089f-4bbc-9c4a-760dbc5611bb,/user/start,1774335313127,1774335317211,4084
Sophia,0cb5b53c-9358-43ab-9246-f56a94b4b10c,/user/normal/manual,1774334979516,1774335166870,187354
Sophia,0cb5b53c-9358-43ab-9246-f56a94b4b10c,/user/normal/llm,1774335166873,,
Steve,7355251d-990d-4bd5-a322-90a3e725fe6b,/user/normal/manual,1774336227990,1774336298520,70530
Steve,7355251d-990d-4bd5-a322-90a3e725fe6b,/user/normal/llm,1774336298523,1774336304638,6115
Steve,7355251d-990d-4bd5-a322-90a3e725fe6b,/user/normal/manual,1774336304640,1774336305231,591
Steve,7355251d-990d-4bd5-a322-90a3e725fe6b,/user/normal/llm,1774336305234,1774336310507,5273
Steve,7355251d-990d-4bd5-a322-90a3e725fe6b,/user/normal/manual,1774336310509,1774336310941,432
Steve,7355251d-990d-4bd5-a322-90a3e725fe6b,/user/normal/llm,1774336310943,,
Steve,7355251d-990d-4bd5-a322-90a3e725fe6b,/welcome,1774336475560,1774336479325,3765
Steve,7355251d-990d-4bd5-a322-90a3e725fe6b,/user/start,1774336479327,1774336535745,56418
Steve,7355251d-990d-4bd5-a322-90a3e725fe6b,/user/normal/llm,1774336535748,1774336749095,213347
Steve,7355251d-990d-4bd5-a322-90a3e725fe6b,/user/visualization,1774336749099,1774337123100,374001
Steve,7355251d-990d-4bd5-a322-90a3e725fe6b,/user/survey,1774337123104,,
job,b6259e9b-3065-4651-9a60-deaf3158dbb6,/user/normal/manual,1774334975917,1774335140696,164779
job,b6259e9b-3065-4651-9a60-deaf3158dbb6,/user/normal/llm,1774335140699,,
job,b6259e9b-3065-4651-9a60-deaf3158dbb6,/user/normal/llm,1774335143475,,
job,b6259e9b-3065-4651-9a60-deaf3158dbb6,/user/normal/llm,1774335145738,,
job,b6259e9b-3065-4651-9a60-deaf3158dbb6,/user/normal/llm,1774335146871,,
job,b6259e9b-3065-4651-9a60-deaf3158dbb6,/user/normal/llm,1774335148289,,
job,b6259e9b-3065-4651-9a60-deaf3158dbb6,/user/normal/llm,1774335155455,1774335157420,1965
job,b6259e9b-3065-4651-9a60-deaf3158dbb6,/user/normal/manual,1774335157426,1774335157891,465
job,b6259e9b-3065-4651-9a60-deaf3158dbb6,/user/normal/llm,1774335157895,,
job,b6259e9b-3065-4651-9a60-deaf3158dbb6,/user/normal/llm,1774335352088,,
job,b6259e9b-3065-4651-9a60-deaf3158dbb6,/user/normal/llm,1774335354368,,
job,b6259e9b-3065-4651-9a60-deaf3158dbb6,/user/normal/llm,1774335355523,,
job,b6259e9b-3065-4651-9a60-deaf3158dbb6,/user/normal/llm,1774336193800,,
job,b6259e9b-3065-4651-9a60-deaf3158dbb6,/user/normal/llm,1774336195772,,
job,b6259e9b-3065-4651-9a60-deaf3158dbb6,/user/normal/llm,1774336197102,,
job,b6259e9b-3065-4651-9a60-deaf3158dbb6,/welcome,1774336204277,1774336206500,2223
job,b6259e9b-3065-4651-9a60-deaf3158dbb6,/user/start,1774336206503,1774336218567,12064
job,b53479f7-2a8e-43ee-b8e0-7ca5ecec7da0,/user/normal/manual,1774336218575,,
job,b53479f7-2a8e-43ee-b8e0-7ca5ecec7da0,/user/normal/llm,1774336225733,1774336225886,153
job,b53479f7-2a8e-43ee-b8e0-7ca5ecec7da0,/user/normal/manual,1774336225896,1774336376982,151086
job,b53479f7-2a8e-43ee-b8e0-7ca5ecec7da0,/user/normal/llm,1774336376985,1774336460715,83730
job,b53479f7-2a8e-43ee-b8e0-7ca5ecec7da0,/user/visualization,1774336460718,,
landy,9170a8f4-a57b-4ee6-af19-3a173885911d,/user/normal/manual,1774334943511,1774335136730,193219
landy,9170a8f4-a57b-4ee6-af19-3a173885911d,/user/normal/llm,1774335136733,,
landy,9170a8f4-a57b-4ee6-af19-3a173885911d,/user/normal/llm,1774335139301,,
landy,9170a8f4-a57b-4ee6-af19-3a173885911d,/user/normal/llm,1774335416472,,
landy,9170a8f4-a57b-4ee6-af19-3a173885911d,/user/normal/llm,1774336175102,1774336388802,213700
landy,9170a8f4-a57b-4ee6-af19-3a173885911d,/user/visualization,1774336388803,1774337157974,769171
landy,9170a8f4-a57b-4ee6-af19-3a173885911d,/user/survey,1774337157975,,
momo,b74791d6-56db-42c6-8627-334bf28562bc,/user/normal/manual,1774343840406,1774343888227,47821
momo,b74791d6-56db-42c6-8627-334bf28562bc,/user/normal/llm,1774343888228,1774343930350,42122
momo,b74791d6-56db-42c6-8627-334bf28562bc,/user/normal/manual,1774343930351,1774343930870,519
momo,b74791d6-56db-42c6-8627-334bf28562bc,/user/normal/llm,1774343930871,1774343931171,300
momo,b74791d6-56db-42c6-8627-334bf28562bc,/user/normal/manual,1774343931172,1774343931727,555
momo,b74791d6-56db-42c6-8627-334bf28562bc,/user/normal/llm,1774343931728,,
user_049d5174,e3ae7c4a-0dbf-4c6c-9ec3-ce817997360d,/user/normal/manual,1774336253173,1774336280733,27560
user_049d5174,e3ae7c4a-0dbf-4c6c-9ec3-ce817997360d,/user/start,1774336280734,1774336293640,12906
user_12dc898f,d295e0a1-1461-46ed-9293-648b8936cf05,/user/normal/manual,1774336390724,1774336510210,119486
user_12dc898f,d295e0a1-1461-46ed-9293-648b8936cf05,/user/normal/llm,1774336510211,1774337125721,615510
user_12dc898f,d295e0a1-1461-46ed-9293-648b8936cf05,/user/visualization,1774337125727,1774337154051,28324
user_12dc898f,d295e0a1-1461-46ed-9293-648b8936cf05,/user/survey,1774337154052,,
user_12dc898f,d295e0a1-1461-46ed-9293-648b8936cf05,/user/survey,1774345547923,,
user_19f99aef,f6ecb86f-59aa-40ca-a871-32a69e77afb4,/user/normal/manual,1774336402267,1774336409628,7361
user_19f99aef,f6ecb86f-59aa-40ca-a871-32a69e77afb4,/user/start,1774336409629,1774336416026,6397
user_1c5b05ab,276d7255-f52e-47c3-8d72-fb766194ab4f,/user/normal/manual,1774336448285,1774336476650,28365
user_1c5b05ab,276d7255-f52e-47c3-8d72-fb766194ab4f,/user/start,1774336476650,1774336481075,4425
user_1c5b05ab,276d7255-f52e-47c3-8d72-fb766194ab4f,/user/normal/manual,1774336481076,,
user_21ee4e07,690e6f55-5517-4d7c-a3ae-5745796fb6fa,/user/normal/manual,1774334116920,1774334147339,30419
user_21ee4e07,690e6f55-5517-4d7c-a3ae-5745796fb6fa,/user/normal/llm,1774334147339,,
user_21ee4e07,690e6f55-5517-4d7c-a3ae-5745796fb6fa,/user/normal/llm,1774334151671,1774334215373,63702
user_21ee4e07,690e6f55-5517-4d7c-a3ae-5745796fb6fa,/user/visualization,1774334215373,1774334226744,11371
user_21ee4e07,690e6f55-5517-4d7c-a3ae-5745796fb6fa,/user/survey,1774334226744,,
user_21ee4e07,690e6f55-5517-4d7c-a3ae-5745796fb6fa,/user/survey,1774334229498,,
user_21ee4e07,690e6f55-5517-4d7c-a3ae-5745796fb6fa,/user/survey,1774334230935,,
user_236cdf21,91feb35d-62a6-4df1-b6f6-a7c90da5f1e8,/user/normal/manual,1774334998689,,
user_27dde0b9,addb0910-11de-486a-b379-1e7b43055cb8,/user/normal/manual,1774336236388,1774336239007,2619
user_27dde0b9,addb0910-11de-486a-b379-1e7b43055cb8,/user/start,1774336239009,1774336248542,9533
user_2d47b4fd,77af0f4f-f482-4258-b1c8-6f20f1011488,/user/normal/manual,1774335317213,,
user_2d47b4fd,77af0f4f-f482-4258-b1c8-6f20f1011488,/welcome,1774336240724,1774336241880,1156
user_2d47b4fd,77af0f4f-f482-4258-b1c8-6f20f1011488,/user/start,1774336241880,1774336245745,3865
user_2e95c9bb,3a3eb637-e01c-473b-8f55-b06dff5a9969,/user/normal/manual,1774336389327,1774336393322,3995
user_2e95c9bb,3a3eb637-e01c-473b-8f55-b06dff5a9969,/user/start,1774336393323,1774336402264,8941
user_370776de,87762031-aa5a-41e8-b82f-3233d57ca85b,/user/normal/manual,1774334967601,1774335273541,305940
user_370776de,87762031-aa5a-41e8-b82f-3233d57ca85b,/user/normal/llm,1774335273543,,
user_370776de,87762031-aa5a-41e8-b82f-3233d57ca85b,/welcome,1774336193803,1774336201677,7874
user_370776de,87762031-aa5a-41e8-b82f-3233d57ca85b,/user/start,1774336201678,1774336207512,5834
user_3a420dc8,73648333-f8e7-459b-b9fd-f75d6b161609,/user/normal/manual,1774337080091,,
user_3f0fe9ae,c6bdcaeb-eeaf-4dff-8120-684462595d43,/user/normal/manual,1774335840835,,
user_3f0fe9ae,c6bdcaeb-eeaf-4dff-8120-684462595d43,/welcome,1774336214685,1774336216161,1476
user_3f0fe9ae,c6bdcaeb-eeaf-4dff-8120-684462595d43,/user/start,1774336216162,1774336218742,2580
user_3fe6afff,7dc8583d-1afd-4590-8f72-4aad11bbaa63,/user/normal/manual,1774336233285,1774336262098,28813
user_3fe6afff,7dc8583d-1afd-4590-8f72-4aad11bbaa63,/user/start,1774336262099,1774336268065,5966
user_414d0976,a3710593-cf24-4f1e-9e04-d0e2a23c64fc,/user/normal/manual,1774336293642,1774336297092,3450
user_414d0976,a3710593-cf24-4f1e-9e04-d0e2a23c64fc,/user/start,1774336297093,1774336307560,10467
user_4664844b,eedef376-efca-4064-8582-5337bc9b70dc,/user/normal/manual,1774336404924,1774336829053,424129
user_4664844b,eedef376-efca-4064-8582-5337bc9b70dc,/user/normal/llm,1774336829054,1774336952708,123654
user_4664844b,eedef376-efca-4064-8582-5337bc9b70dc,/user/visualization,1774336952709,1774337465238,512529
user_4664844b,eedef376-efca-4064-8582-5337bc9b70dc,/user/survey,1774337465239,,
user_485b9266,af3e8b8f-3f7c-42a3-8515-e22725b964bf,/user/normal/manual,1774334961983,,
user_485b9266,af3e8b8f-3f7c-42a3-8515-e22725b964bf,/user/normal/manual,1774335717693,,
user_485b9266,af3e8b8f-3f7c-42a3-8515-e22725b964bf,/welcome,1774337072316,1774337073511,1195
user_485b9266,af3e8b8f-3f7c-42a3-8515-e22725b964bf,/user/start,1774337073511,1774337080089,6578
user_4885692c,0d82891c-9584-4cdf-9d42-f885c980e737,/user/normal/manual,1774334990126,1774335264888,274762
user_4885692c,0d82891c-9584-4cdf-9d42-f885c980e737,/user/normal/llm,1774335264889,,
user_4885692c,0d82891c-9584-4cdf-9d42-f885c980e737,/user/normal/llm,1774335268978,,
user_4885692c,0d82891c-9584-4cdf-9d42-f885c980e737,/user/normal/llm,1774335270352,,
user_4885692c,0d82891c-9584-4cdf-9d42-f885c980e737,/welcome,1774335384548,1774335389699,5151
user_4885692c,0d82891c-9584-4cdf-9d42-f885c980e737,/user/start,1774335389699,,
user_4885692c,0d82891c-9584-4cdf-9d42-f885c980e737,/user/start,1774336256602,1774336261888,5286
user_4ff16b82,1ef708fa-683d-46c8-977b-bfb759e8f4bd,/user/normal/manual,1774334996056,1774335117826,121770
user_4ff16b82,1ef708fa-683d-46c8-977b-bfb759e8f4bd,/user/start,1774335117826,1774335125623,7797
user_50e5c3be,78b7a1c5-7dca-49b0-af44-edaf200d1e04,/user/normal/manual,1774335023123,1774335638440,615317
user_50e5c3be,78b7a1c5-7dca-49b0-af44-edaf200d1e04,/user/normal/llm,1774335638440,,
user_50e5c3be,78b7a1c5-7dca-49b0-af44-edaf200d1e04,/user/normal/llm,1774335647486,,
user_50e5c3be,78b7a1c5-7dca-49b0-af44-edaf200d1e04,/user/normal/llm,1774335649969,,
user_50e5c3be,78b7a1c5-7dca-49b0-af44-edaf200d1e04,/user/normal/llm,1774335660278,,
user_50e5c3be,78b7a1c5-7dca-49b0-af44-edaf200d1e04,/user/normal/llm,1774336217152,1774336608683,391531
user_50e5c3be,78b7a1c5-7dca-49b0-af44-edaf200d1e04,/user/visualization,1774336608684,1774337158252,549568
user_50e5c3be,78b7a1c5-7dca-49b0-af44-edaf200d1e04,/user/survey,1774337158272,1774338047963,889691
user_50e5c3be,78b7a1c5-7dca-49b0-af44-edaf200d1e04,/user/visualization,1774338047965,,
user_5425388e,76d5c527-f3aa-4615-81c3-fd1c0db5af42,/user/normal/manual,1774336248543,1774336255333,6790
user_5425388e,76d5c527-f3aa-4615-81c3-fd1c0db5af42,/user/start,1774336255334,1774336266074,10740
user_5425388e,76d5c527-f3aa-4615-81c3-fd1c0db5af42,/user/normal/manual,1774336266075,1774336269480,3405
user_5425388e,76d5c527-f3aa-4615-81c3-fd1c0db5af42,/user/start,1774336269481,1774336286938,17457
user_5484556e,73516e68-a9c0-4fe3-b8e4-a77daa61d4b1,/user/normal/manual,1774335125624,1774335271260,145636
user_5484556e,73516e68-a9c0-4fe3-b8e4-a77daa61d4b1,/user/normal/llm,1774335271262,,
user_5484556e,73516e68-a9c0-4fe3-b8e4-a77daa61d4b1,/user/normal/llm,1774336232523,,
user_5484556e,73516e68-a9c0-4fe3-b8e4-a77daa61d4b1,/user/normal/llm,1774336416660,1774336437696,21036
user_5484556e,73516e68-a9c0-4fe3-b8e4-a77daa61d4b1,/user/normal/manual,1774336437698,1774336502464,64766
user_5484556e,73516e68-a9c0-4fe3-b8e4-a77daa61d4b1,/user/normal/llm,1774336502465,,
user_5484556e,73516e68-a9c0-4fe3-b8e4-a77daa61d4b1,/user/normal/llm,1774336565947,,
user_5484556e,73516e68-a9c0-4fe3-b8e4-a77daa61d4b1,/welcome,1774336600971,1774336604105,3134
user_5484556e,73516e68-a9c0-4fe3-b8e4-a77daa61d4b1,/user/start,1774336604106,1774336606315,2209
user_5484556e,73516e68-a9c0-4fe3-b8e4-a77daa61d4b1,/user/normal/llm,1774336606316,,
user_5484556e,73516e68-a9c0-4fe3-b8e4-a77daa61d4b1,/welcome,1774336685502,1774336687305,1803
user_5484556e,73516e68-a9c0-4fe3-b8e4-a77daa61d4b1,/user/start,1774336687306,,
user_5484556e,73516e68-a9c0-4fe3-b8e4-a77daa61d4b1,/user/start,1774336694089,1774336696750,2661
user_5484556e,73516e68-a9c0-4fe3-b8e4-a77daa61d4b1,/user/normal/llm,1774336696752,,
user_5484556e,73516e68-a9c0-4fe3-b8e4-a77daa61d4b1,/welcome,1774336792587,,
user_5484556e,73516e68-a9c0-4fe3-b8e4-a77daa61d4b1,/user/normal/llm,1774337469083,,
user_5484556e,73516e68-a9c0-4fe3-b8e4-a77daa61d4b1,/welcome,1774337499818,1774337542449,42631
user_5484556e,73516e68-a9c0-4fe3-b8e4-a77daa61d4b1,/user/start,1774337542450,1774337609688,67238
user_5484556e,73516e68-a9c0-4fe3-b8e4-a77daa61d4b1,/user/normal/manual,1774337609691,1774337613130,3439
user_5484556e,73516e68-a9c0-4fe3-b8e4-a77daa61d4b1,/user/start,1774337613131,,
user_5484556e,73516e68-a9c0-4fe3-b8e4-a77daa61d4b1,/welcome,1774343334857,,
user_56975992,30bfee22-9825-4049-8354-d41f225ecfef,/user/normal/manual,1774334979697,1774335334431,354734
user_56975992,30bfee22-9825-4049-8354-d41f225ecfef,/user/normal/llm,1774335334433,,
user_56975992,30bfee22-9825-4049-8354-d41f225ecfef,/user/normal/llm,1774335749445,,
user_56975992,30bfee22-9825-4049-8354-d41f225ecfef,/user/normal/llm,1774335750383,,
user_56975992,30bfee22-9825-4049-8354-d41f225ecfef,/user/normal/llm,1774335751200,,
user_56975992,30bfee22-9825-4049-8354-d41f225ecfef,/user/normal/llm,1774335751946,,
user_56975992,30bfee22-9825-4049-8354-d41f225ecfef,/user/normal/llm,1774336059026,,
user_56975992,30bfee22-9825-4049-8354-d41f225ecfef,/user/normal/llm,1774336182949,,
user_56975992,30bfee22-9825-4049-8354-d41f225ecfef,/user/normal/llm,1774336185104,,
user_56975992,30bfee22-9825-4049-8354-d41f225ecfef,/user/normal/llm,1774336187292,,
user_56975992,30bfee22-9825-4049-8354-d41f225ecfef,/welcome,1774336200920,1774336202859,1939
user_56975992,30bfee22-9825-4049-8354-d41f225ecfef,/user/start,1774336202860,1774336208946,6086
user_56975992,30bfee22-9825-4049-8354-d41f225ecfef,/user/normal/llm,1774336208948,1774336282471,73523
user_56975992,30bfee22-9825-4049-8354-d41f225ecfef,/user/start,1774336282472,1774336285666,3194
user_56975992,30bfee22-9825-4049-8354-d41f225ecfef,/user/normal/llm,1774336285668,,
user_56975992,30bfee22-9825-4049-8354-d41f225ecfef,/user/normal/llm,1774336327880,1774336364286,36406
user_56975992,30bfee22-9825-4049-8354-d41f225ecfef,/user/start,1774336364286,1774336364476,190
user_56975992,30bfee22-9825-4049-8354-d41f225ecfef,/welcome,1774336364476,1774336366218,1742
user_56975992,30bfee22-9825-4049-8354-d41f225ecfef,/user/start,1774336366219,1774336369667,3448
user_58f5a7b3,4144dad1-655a-4b37-b2b8-9a99a8175678,/user/normal/manual,1774334972539,1774335259844,287305
user_58f5a7b3,4144dad1-655a-4b37-b2b8-9a99a8175678,/user/normal/llm,1774335259846,,
user_58f5a7b3,4144dad1-655a-4b37-b2b8-9a99a8175678,/user/normal/llm,1774335442538,,
user_58f5a7b3,4144dad1-655a-4b37-b2b8-9a99a8175678,/user/normal/llm,1774336192229,,
user_58f5a7b3,4144dad1-655a-4b37-b2b8-9a99a8175678,/welcome,1774336210964,1774336212913,1949
user_58f5a7b3,4144dad1-655a-4b37-b2b8-9a99a8175678,/user/start,1774336212913,1774336220694,7781
user_5ceb2120,84d37ee9-8688-469d-a4da-ef2b8928b963,/user/normal/manual,1774335014869,1774335266016,251147
user_5ceb2120,84d37ee9-8688-469d-a4da-ef2b8928b963,/user/normal/llm,1774335266018,1774335837099,571081
user_5ceb2120,84d37ee9-8688-469d-a4da-ef2b8928b963,/user/normal/manual,1774335837103,1774335837594,491
user_5ceb2120,84d37ee9-8688-469d-a4da-ef2b8928b963,/user/normal/llm,1774335837595,1774335837797,202
user_5ceb2120,84d37ee9-8688-469d-a4da-ef2b8928b963,/user/start,1774335837798,1774335840834,3036
user_5cf29241,9cad3b18-0c16-436c-b659-04ae1ea211de,/user/normal/manual,1774336219963,1774336325855,105892
user_5cf29241,9cad3b18-0c16-436c-b659-04ae1ea211de,/user/normal/llm,1774336325856,,
user_60a9a251,8d287daf-05b5-4e0c-b56f-68d0d7ec6d95,/user/normal/manual,1774336330013,1774336354269,24256
user_60a9a251,8d287daf-05b5-4e0c-b56f-68d0d7ec6d95,/user/start,1774336354270,,
user_60a9a251,8d287daf-05b5-4e0c-b56f-68d0d7ec6d95,/user/start,1774336361606,,
user_60a9a251,8d287daf-05b5-4e0c-b56f-68d0d7ec6d95,/welcome,1774336378012,1774336379177,1165
user_60a9a251,8d287daf-05b5-4e0c-b56f-68d0d7ec6d95,/user/start,1774336379178,1774336389325,10147
user_6115af1e,6d3b347c-d2e8-40f4-b640-3240c2ad1f8e,/user/normal/manual,1774336273437,1774336280230,6793
user_6115af1e,6d3b347c-d2e8-40f4-b640-3240c2ad1f8e,/user/start,1774336280231,1774336284048,3817
user_632350b9,c2848b46-f089-4bc1-99a7-15517d94533e,/user/normal/manual,1774336261890,1774336307319,45429
user_632350b9,c2848b46-f089-4bc1-99a7-15517d94533e,/user/start,1774336307320,,
user_632350b9,c2848b46-f089-4bc1-99a7-15517d94533e,/user/start,1774336314987,1774336333167,18180
user_65ec4526,2f601dd0-6b8f-459d-90ab-3d4ae9eac4fc,/user/normal/manual,1774328725064,1774331307565,2582501
user_65ec4526,2f601dd0-6b8f-459d-90ab-3d4ae9eac4fc,/user/normal/llm,1774331307565,1774331584289,276724
user_65ec4526,2f601dd0-6b8f-459d-90ab-3d4ae9eac4fc,/user/visualization,1774331584289,1774331615466,31177
user_65ec4526,2f601dd0-6b8f-459d-90ab-3d4ae9eac4fc,/user/survey,1774331615466,,
user_65ec4526,2f601dd0-6b8f-459d-90ab-3d4ae9eac4fc,/user/survey,1774331619681,,
user_67f81361,c716df01-ff8e-43fe-ae4c-09745841029f,/user/normal/manual,1774336215637,,
user_67f81361,c716df01-ff8e-43fe-ae4c-09745841029f,/user/normal/llm,1774336322075,1774336322238,163
user_67f81361,c716df01-ff8e-43fe-ae4c-09745841029f,/user/normal/manual,1774336322240,1774336453233,130993
user_67f81361,c716df01-ff8e-43fe-ae4c-09745841029f,/user/normal/llm,1774336453234,1774337488383,1035149
user_67f81361,c716df01-ff8e-43fe-ae4c-09745841029f,/user/visualization,1774337488384,1774337531452,43068
user_67f81361,c716df01-ff8e-43fe-ae4c-09745841029f,/user/survey,1774337531453,,
user_6d3d533d,816750da-2886-4174-b5f3-ff215e08c473,/user/normal/manual,1774334982374,1774335187047,204673
user_6d3d533d,816750da-2886-4174-b5f3-ff215e08c473,/user/normal/llm,1774335187048,,
user_6d3d533d,816750da-2886-4174-b5f3-ff215e08c473,/user/normal/llm,1774335188854,,
user_6d3d533d,816750da-2886-4174-b5f3-ff215e08c473,/user/normal/llm,1774335359517,1774335360630,1113
user_6d3d533d,816750da-2886-4174-b5f3-ff215e08c473,/user/normal/manual,1774335360633,1774335361131,498
user_6d3d533d,816750da-2886-4174-b5f3-ff215e08c473,/user/normal/llm,1774335361131,1774335362528,1397
user_6d3d533d,816750da-2886-4174-b5f3-ff215e08c473,/user/start,1774335362530,1774335435526,72996
user_6d3d533d,816750da-2886-4174-b5f3-ff215e08c473,/welcome,1774335435527,1774335436920,1393
user_6d3d533d,816750da-2886-4174-b5f3-ff215e08c473,/user/start,1774335436920,1774335440367,3447
user_6fb4bb60,13d81eb7-f397-45bd-af93-32c441ca2cc3,/user/normal/manual,1774336218748,1774336220254,1506
user_6fb4bb60,13d81eb7-f397-45bd-af93-32c441ca2cc3,/user/start,1774336220256,1774336223084,2828
user_76a84670,355938bb-de18-4b42-8dc3-3441618c36b7,/user/normal/manual,1774335027966,,
user_76a84670,355938bb-de18-4b42-8dc3-3441618c36b7,/welcome,1774336196021,1774336207280,11259
user_76a84670,355938bb-de18-4b42-8dc3-3441618c36b7,/user/start,1774336207282,1774336227988,20706
user_77c439c7,1013ec61-a406-4db5-8467-015dbc5b06d4,/user/normal/manual,1774334991335,1774335156231,164896
user_77c439c7,1013ec61-a406-4db5-8467-015dbc5b06d4,/user/normal/llm,1774335156232,,
user_77c439c7,1013ec61-a406-4db5-8467-015dbc5b06d4,/user/normal/llm,1774335158317,,
user_77c439c7,1013ec61-a406-4db5-8467-015dbc5b06d4,/user/normal/llm,1774335200948,,
user_77c439c7,1013ec61-a406-4db5-8467-015dbc5b06d4,/user/normal/llm,1774335202034,,
user_77c439c7,1013ec61-a406-4db5-8467-015dbc5b06d4,/user/normal/llm,1774335203766,,
user_77c439c7,1013ec61-a406-4db5-8467-015dbc5b06d4,/user/normal/llm,1774335230765,,
user_77c439c7,1013ec61-a406-4db5-8467-015dbc5b06d4,/user/normal/llm,1774335231507,,
user_77c439c7,1013ec61-a406-4db5-8467-015dbc5b06d4,/user/normal/llm,1774335232279,,
user_77c439c7,1013ec61-a406-4db5-8467-015dbc5b06d4,/user/normal/llm,1774335324746,,
user_77c439c7,1013ec61-a406-4db5-8467-015dbc5b06d4,/user/normal/llm,1774335325222,,
user_77c439c7,1013ec61-a406-4db5-8467-015dbc5b06d4,/welcome,1774336228232,1774336230035,1803
user_77c439c7,1013ec61-a406-4db5-8467-015dbc5b06d4,/user/start,1774336230036,1774336236476,6440
user_78914407,ac18488f-2ae7-43c3-8a40-0ebeed7a9bf3,/user/normal/manual,1774336284051,1774336297617,13566
user_78914407,ac18488f-2ae7-43c3-8a40-0ebeed7a9bf3,/user/start,1774336297618,1774336305493,7875
user_794693c5,b1f005c6-fc6b-45ce-a74b-1762bba0c31b,/user/normal/manual,1774335333870,,
user_7b6c376c,d27f2015-39f2-4cc9-8f15-38751e8678c5,/user/normal/manual,1774335133380,1774337880101,2746721
user_7b6c376c,d27f2015-39f2-4cc9-8f15-38751e8678c5,/welcome,1774336363625,1774336382412,18787
user_7b6c376c,d27f2015-39f2-4cc9-8f15-38751e8678c5,/user/start,1774336382413,1774336395206,12793
user_7cbba1f6,e7aad394-bc94-441e-acaa-5f16263da80e,/user/normal/manual,1774336531410,1774336735695,204285
user_7cbba1f6,e7aad394-bc94-441e-acaa-5f16263da80e,/user/normal/llm,1774336735696,,
user_7d9b22d7,08e554f6-7eb9-48f8-9969-ef3a90f5a989,/user/normal/manual,1774334978921,1774334981777,2856
user_7d9b22d7,08e554f6-7eb9-48f8-9969-ef3a90f5a989,/user/start,1774334981778,1774334987943,6165
user_7efd2acd,f205e706-8703-471c-b8fb-c1062c5eb123,/user/normal/manual,1774335696554,1774335733786,37232
user_7efd2acd,f205e706-8703-471c-b8fb-c1062c5eb123,/user/start,1774335733787,,
user_7efd2acd,f205e706-8703-471c-b8fb-c1062c5eb123,/welcome,1774336207475,1774336233455,25980
user_7efd2acd,f205e706-8703-471c-b8fb-c1062c5eb123,/user/start,1774336233455,1774336236386,2931
user_8575ef59,6160db0d-0a05-4196-ae06-0f8430a8dd47,/user/normal/manual,1774336363781,,
user_8575ef59,6160db0d-0a05-4196-ae06-0f8430a8dd47,/welcome,1774336384649,1774336388655,4006
user_8575ef59,6160db0d-0a05-4196-ae06-0f8430a8dd47,/user/start,1774336388656,1774336390722,2066
user_85ed1642,eb55b00a-882c-4f78-a1ea-8aa0c09e60fc,/user/normal/manual,1774336213197,1774336231611,18414
user_85ed1642,eb55b00a-882c-4f78-a1ea-8aa0c09e60fc,/user/start,1774336231613,1774336238671,7058
user_8663263b,24bd8d32-68ee-46fd-b5bb-dd34b7dc8130,/user/normal/manual,1774336323940,,
user_8663263b,24bd8d32-68ee-46fd-b5bb-dd34b7dc8130,/welcome,1774336449671,1774336458529,8858
user_8663263b,24bd8d32-68ee-46fd-b5bb-dd34b7dc8130,/user/start,1774336458531,1774336463322,4791
user_8663263b,24bd8d32-68ee-46fd-b5bb-dd34b7dc8130,/user/normal/manual,1774336463325,1774336466515,3190
user_8663263b,24bd8d32-68ee-46fd-b5bb-dd34b7dc8130,/user/start,1774336466518,1774336485741,19223
user_870b268c,b433fac4-d49f-4ee8-ab2b-efd51f399b86,/user/normal/manual,1774334994713,1774335145263,150550
user_870b268c,b433fac4-d49f-4ee8-ab2b-efd51f399b86,/user/normal/llm,1774335145264,,
user_870b268c,b433fac4-d49f-4ee8-ab2b-efd51f399b86,/user/normal/llm,1774335149172,,
user_870b268c,b433fac4-d49f-4ee8-ab2b-efd51f399b86,/user/normal/llm,1774335235945,,
user_870b268c,b433fac4-d49f-4ee8-ab2b-efd51f399b86,/welcome,1774336229992,1774336235284,5292
user_870b268c,b433fac4-d49f-4ee8-ab2b-efd51f399b86,/user/start,1774336235284,1774336238919,3635
user_8840e902,cc276354-92fd-437f-b288-0d67aee94258,/user/normal/manual,1774336333168,,
user_8840e902,cc276354-92fd-437f-b288-0d67aee94258,/user/normal/llm,1774336361889,1774336362104,215
user_8840e902,cc276354-92fd-437f-b288-0d67aee94258,/user/normal/manual,1774336362105,,
user_8840e902,cc276354-92fd-437f-b288-0d67aee94258,/user/normal/llm,1774336421368,1774336421520,152
user_8840e902,cc276354-92fd-437f-b288-0d67aee94258,/user/normal/manual,1774336421521,1774336433885,12364
user_8840e902,cc276354-92fd-437f-b288-0d67aee94258,/user/normal/llm,1774336433885,1774336434034,149
user_8840e902,cc276354-92fd-437f-b288-0d67aee94258,/user/normal/manual,1774336434034,,
user_8840e902,cc276354-92fd-437f-b288-0d67aee94258,/user/normal/manual,1774336435210,,
user_8840e902,cc276354-92fd-437f-b288-0d67aee94258,/user/normal/llm,1774336508276,1774336508447,171
user_8840e902,cc276354-92fd-437f-b288-0d67aee94258,/user/normal/manual,1774336508448,1774336660902,152454
user_8840e902,cc276354-92fd-437f-b288-0d67aee94258,/user/normal/llm,1774336660903,,
user_8840e902,cc276354-92fd-437f-b288-0d67aee94258,/user/normal/llm,1774337475414,,
user_887f0315,13c92b3a-c22e-48cb-8d02-8ed4b3495c9c,/user/normal/manual,1774334997758,1774335242745,244987
user_887f0315,13c92b3a-c22e-48cb-8d02-8ed4b3495c9c,/user/normal/llm,1774335242748,,
user_887f0315,13c92b3a-c22e-48cb-8d02-8ed4b3495c9c,/user/normal/llm,1774335244723,,
user_887f0315,13c92b3a-c22e-48cb-8d02-8ed4b3495c9c,/user/normal/llm,1774335245666,,
user_887f0315,13c92b3a-c22e-48cb-8d02-8ed4b3495c9c,/user/normal/llm,1774335246742,,
user_887f0315,13c92b3a-c22e-48cb-8d02-8ed4b3495c9c,/user/normal/llm,1774335552267,,
user_887f0315,13c92b3a-c22e-48cb-8d02-8ed4b3495c9c,/user/normal/llm,1774336226075,1774336322725,96650
user_887f0315,13c92b3a-c22e-48cb-8d02-8ed4b3495c9c,/user/visualization,1774336322729,,
user_89c16b7f,d37032ad-54a0-46b7-a4a5-8466441b492f,/user/normal/manual,1774336230246,1774336237459,7213
user_89c16b7f,d37032ad-54a0-46b7-a4a5-8466441b492f,/user/start,1774336237460,,
user_89c16b7f,d37032ad-54a0-46b7-a4a5-8466441b492f,/user/normal/llm,1774336248427,1774336248637,210
user_89c16b7f,d37032ad-54a0-46b7-a4a5-8466441b492f,/user/normal/manual,1774336248640,,
user_89c16b7f,d37032ad-54a0-46b7-a4a5-8466441b492f,/welcome,1774336274309,1774336276104,1795
user_89c16b7f,d37032ad-54a0-46b7-a4a5-8466441b492f,/user/start,1774336276104,1774336287259,11155
user_8a429e3c,2e1928bd-3a92-4c28-b5d8-0007e75eefdf,/user/normal/manual,1774336254641,1774336257841,3200
user_8a429e3c,2e1928bd-3a92-4c28-b5d8-0007e75eefdf,/user/start,1774336257841,1774336260861,3020
user_8a429e3c,2e1928bd-3a92-4c28-b5d8-0007e75eefdf,/user/normal/manual,1774336260862,1774336300518,39656
user_8a429e3c,2e1928bd-3a92-4c28-b5d8-0007e75eefdf,/user/normal/llm,1774336300519,1774336760054,459535
user_8a429e3c,2e1928bd-3a92-4c28-b5d8-0007e75eefdf,/user/visualization,1774336760056,1774336797514,37458
user_8a429e3c,2e1928bd-3a92-4c28-b5d8-0007e75eefdf,/user/survey,1774336797515,,
user_8a429e3c,2e1928bd-3a92-4c28-b5d8-0007e75eefdf,/user/survey,1774337116603,,
user_8bdb1199,d5fa2e44-89d8-4bb5-91af-f69c44548baf,/user/normal/manual,1774335024809,1774335244675,219866
user_8bdb1199,d5fa2e44-89d8-4bb5-91af-f69c44548baf,/user/normal/llm,1774335244676,,
user_8bdb1199,d5fa2e44-89d8-4bb5-91af-f69c44548baf,/welcome,1774336198797,1774336220811,22014
user_8bdb1199,d5fa2e44-89d8-4bb5-91af-f69c44548baf,/user/start,1774336220812,1774336230243,9431
user_8cc9eabf,4d9f6aa1-0bd6-4aa7-8b86-69b52129f9fa,/user/normal/manual,1774334994332,1774336210987,1216655
user_8cc9eabf,4d9f6aa1-0bd6-4aa7-8b86-69b52129f9fa,/user/start,1774336210989,1774336217158,6169
user_8cc9eabf,4d9f6aa1-0bd6-4aa7-8b86-69b52129f9fa,/user/normal/llm,1774336217159,1774337140477,923318
user_8cc9eabf,4d9f6aa1-0bd6-4aa7-8b86-69b52129f9fa,/user/start,1774337140479,1774337141143,664
user_8cc9eabf,4d9f6aa1-0bd6-4aa7-8b86-69b52129f9fa,/welcome,1774337141144,,
user_8cc9eabf,4d9f6aa1-0bd6-4aa7-8b86-69b52129f9fa,/welcome,1774404696040,,
user_8d106136,c8f546a2-0fab-4a94-af00-3a8237ccdada,/user/normal/manual,1774336307562,1774336317421,9859
user_8d106136,c8f546a2-0fab-4a94-af00-3a8237ccdada,/user/start,1774336317422,1774336320352,2930
user_8d106136,c8f546a2-0fab-4a94-af00-3a8237ccdada,/user/normal/manual,1774336320354,1774336322967,2613
user_8d106136,c8f546a2-0fab-4a94-af00-3a8237ccdada,/user/start,1774336322967,1774336330011,7044
user_90e00a29,060f71c9-769a-428b-8bba-d680044fccdd,/user/normal/manual,1774336249239,1774336256446,7207
user_90e00a29,060f71c9-769a-428b-8bba-d680044fccdd,/user/start,1774336256447,1774336300913,44466
user_929428b7,29ffdfd2-55ee-4d1b-a1c9-860dfb9a9281,/user/normal/manual,1774336369670,1774336372723,3053
user_929428b7,29ffdfd2-55ee-4d1b-a1c9-860dfb9a9281,/user/start,1774336372724,1774336377039,4315
user_929428b7,29ffdfd2-55ee-4d1b-a1c9-860dfb9a9281,/user/normal/manual,1774336377041,1774336380356,3315
user_929428b7,29ffdfd2-55ee-4d1b-a1c9-860dfb9a9281,/user/start,1774336380357,1774336385385,5028
user_92dc081d,dc32906a-db46-479e-9ec7-f90afd624b52,/user/normal/manual,1774336222557,1774336302736,80179
user_92dc081d,dc32906a-db46-479e-9ec7-f90afd624b52,/user/start,1774336302737,1774336322880,20143
user_92dc081d,dc32906a-db46-479e-9ec7-f90afd624b52,/user/normal/manual,1774336322883,,
user_92dc081d,dc32906a-db46-479e-9ec7-f90afd624b52,/user/normal/manual,1774336329046,1774336331276,2230
user_92dc081d,dc32906a-db46-479e-9ec7-f90afd624b52,/user/start,1774336331276,1774336358316,27040
user_92dc081d,dc32906a-db46-479e-9ec7-f90afd624b52,/user/normal/manual,1774336358317,,
user_92dc081d,dc32906a-db46-479e-9ec7-f90afd624b52,/welcome,1774336380065,1774336399966,19901
user_92dc081d,dc32906a-db46-479e-9ec7-f90afd624b52,/user/start,1774336399966,1774336407761,7795
user_92dc081d,dc32906a-db46-479e-9ec7-f90afd624b52,/welcome,1774336407761,1774336494863,87102
user_92dc081d,dc32906a-db46-479e-9ec7-f90afd624b52,/user/start,1774336494864,1774336498637,3773
user_935d27e4,8c97eb44-822c-4396-83cb-c7afb6c98d07,/user/normal/manual,1774337027184,1774337030372,3188
user_935d27e4,8c97eb44-822c-4396-83cb-c7afb6c98d07,/user/start,1774337030373,1774337031791,1418
user_935d27e4,8c97eb44-822c-4396-83cb-c7afb6c98d07,/welcome,1774337031791,,
user_93ace71d,bb906bfc-3f63-483f-9cc9-01e5c012c071,/user/normal/manual,1774332936933,1774333016941,80008
user_93ace71d,bb906bfc-3f63-483f-9cc9-01e5c012c071,/user/normal/llm,1774333016942,1774333140968,124026
user_93ace71d,bb906bfc-3f63-483f-9cc9-01e5c012c071,/user/visualization,1774333140969,1774333153488,12519
user_93ace71d,bb906bfc-3f63-483f-9cc9-01e5c012c071,/user/survey,1774333153489,,
user_93ace71d,bb906bfc-3f63-483f-9cc9-01e5c012c071,/user/survey,1774333163625,,
user_96af13e5,5b6a51a9-3530-4834-a4a4-a2d7d2e15e2a,/user/normal/manual,1774336286939,1774336345521,58582
user_96af13e5,5b6a51a9-3530-4834-a4a4-a2d7d2e15e2a,/user/normal/llm,1774336345522,1774336617604,272082
user_96af13e5,5b6a51a9-3530-4834-a4a4-a2d7d2e15e2a,/user/visualization,1774336617605,1774337459159,841554
user_96af13e5,5b6a51a9-3530-4834-a4a4-a2d7d2e15e2a,/user/survey,1774337459161,1774339946448,2487287
user_96af13e5,5b6a51a9-3530-4834-a4a4-a2d7d2e15e2a,/user/visualization,1774339946452,1774339976913,30461
user_96af13e5,5b6a51a9-3530-4834-a4a4-a2d7d2e15e2a,/user/normal/llm,1774339976915,1774339979019,2104
user_96af13e5,5b6a51a9-3530-4834-a4a4-a2d7d2e15e2a,/user/normal/manual,1774339979021,1774339979448,427
user_96af13e5,5b6a51a9-3530-4834-a4a4-a2d7d2e15e2a,/user/normal/llm,1774339979449,,
user_96af13e5,5b6a51a9-3530-4834-a4a4-a2d7d2e15e2a,/user/start,1774339982383,,
user_96af13e5,5b6a51a9-3530-4834-a4a4-a2d7d2e15e2a,/user/start,1774406027500,1774406032953,5453
user_985701e4,58fc141e-cf3e-44cb-84ab-37545a74d486,/user/normal/manual,1774336305497,1774336366529,61032
user_985701e4,58fc141e-cf3e-44cb-84ab-37545a74d486,/user/normal/llm,1774336366531,1774337877163,1510632
user_985701e4,58fc141e-cf3e-44cb-84ab-37545a74d486,/user/visualization,1774337877165,1774337887888,10723
user_985701e4,58fc141e-cf3e-44cb-84ab-37545a74d486,/user/survey,1774337887892,1774342643925,4756033
user_985701e4,58fc141e-cf3e-44cb-84ab-37545a74d486,/user/visualization,1774342643939,,
user_9a179c62,8fc8a9b4-c0ec-4683-b599-f038469f4515,/user/normal/manual,1774334975276,1774335312844,337568
user_9a179c62,8fc8a9b4-c0ec-4683-b599-f038469f4515,/user/normal/llm,1774335312846,,
user_9a179c62,8fc8a9b4-c0ec-4683-b599-f038469f4515,/user/normal/llm,1774335317663,,
user_9a179c62,8fc8a9b4-c0ec-4683-b599-f038469f4515,/user/normal/llm,1774335319389,,
user_9a179c62,8fc8a9b4-c0ec-4683-b599-f038469f4515,/user/normal/llm,1774335320227,,
user_9a179c62,8fc8a9b4-c0ec-4683-b599-f038469f4515,/user/normal/llm,1774335320900,,
user_9a179c62,8fc8a9b4-c0ec-4683-b599-f038469f4515,/user/normal/llm,1774335321544,,
user_9a179c62,8fc8a9b4-c0ec-4683-b599-f038469f4515,/user/normal/llm,1774335322410,,
user_9a179c62,8fc8a9b4-c0ec-4683-b599-f038469f4515,/user/normal/llm,1774335327954,,
user_9a179c62,8fc8a9b4-c0ec-4683-b599-f038469f4515,/user/normal/llm,1774335328703,,
user_9a179c62,8fc8a9b4-c0ec-4683-b599-f038469f4515,/user/normal/llm,1774335332384,,
user_9a179c62,8fc8a9b4-c0ec-4683-b599-f038469f4515,/user/normal/llm,1774335332750,,
user_9a179c62,8fc8a9b4-c0ec-4683-b599-f038469f4515,/user/normal/llm,1774335333465,,
user_9a179c62,8fc8a9b4-c0ec-4683-b599-f038469f4515,/user/normal/llm,1774335333967,,
user_9a179c62,8fc8a9b4-c0ec-4683-b599-f038469f4515,/user/normal/llm,1774335339792,,
user_9a179c62,8fc8a9b4-c0ec-4683-b599-f038469f4515,/user/normal/llm,1774335340476,,
user_9a179c62,8fc8a9b4-c0ec-4683-b599-f038469f4515,/user/normal/llm,1774335341056,,
user_9a179c62,8fc8a9b4-c0ec-4683-b599-f038469f4515,/user/normal/llm,1774335341683,,
user_9a179c62,8fc8a9b4-c0ec-4683-b599-f038469f4515,/user/normal/llm,1774335595052,,
user_9a179c62,8fc8a9b4-c0ec-4683-b599-f038469f4515,/user/normal/llm,1774335598465,,
user_9a179c62,8fc8a9b4-c0ec-4683-b599-f038469f4515,/user/normal/llm,1774335599595,,
user_9a179c62,8fc8a9b4-c0ec-4683-b599-f038469f4515,/welcome,1774336250310,1774336257366,7056
user_9a179c62,8fc8a9b4-c0ec-4683-b599-f038469f4515,/user/start,1774336257367,1774336260555,3188
user_9e498e68,61daf14c-0006-44d1-aa48-e6968ae36f33,/user/normal/manual,1774336238673,1774336395563,156890
user_9e498e68,61daf14c-0006-44d1-aa48-e6968ae36f33,/user/normal/llm,1774336395564,1774336544903,149339
user_9e498e68,61daf14c-0006-44d1-aa48-e6968ae36f33,/user/visualization,1774336544904,1774336580550,35646
user_9e498e68,61daf14c-0006-44d1-aa48-e6968ae36f33,/user/survey,1774336580551,1774336583965,3414
user_9e498e68,61daf14c-0006-44d1-aa48-e6968ae36f33,/user/visualization,1774336583967,,
user_a04ac2da,94f32dee-8198-4513-8731-fdaa984236c0,/user/normal/manual,1774336300914,1774336414733,113819
user_a04ac2da,94f32dee-8198-4513-8731-fdaa984236c0,/,1774336326827,1774336326837,10
user_a04ac2da,94f32dee-8198-4513-8731-fdaa984236c0,/welcome,1774336326837,1774336339258,12421
user_a04ac2da,94f32dee-8198-4513-8731-fdaa984236c0,/user/start,1774336339259,1774336354412,15153
user_a04ac2da,94f32dee-8198-4513-8731-fdaa984236c0,/welcome,1774336354412,1774336355782,1370
user_a04ac2da,94f32dee-8198-4513-8731-fdaa984236c0,/user/start,1774336355782,1774336364591,8809
user_a04ac2da,94f32dee-8198-4513-8731-fdaa984236c0,/user/normal/manual,1774336364592,1774336367948,3356
user_a04ac2da,94f32dee-8198-4513-8731-fdaa984236c0,/user/start,1774336367949,1774336531409,163460
user_a04ac2da,94f32dee-8198-4513-8731-fdaa984236c0,/user/start,1774336383728,1774336386947,3219
user_a04ac2da,94f32dee-8198-4513-8731-fdaa984236c0,/welcome,1774336386949,1774336395930,8981
user_a04ac2da,94f32dee-8198-4513-8731-fdaa984236c0,/user/start,1774336395930,1774336400550,4620
user_ab526f12,f926b9d8-8191-4748-802c-898cca329240,/user/normal/manual,1774336260557,1774336347818,87261
user_ab526f12,f926b9d8-8191-4748-802c-898cca329240,/user/normal/llm,1774336347820,1774336590842,243022
user_ab526f12,f926b9d8-8191-4748-802c-898cca329240,/user/normal/manual,1774336590843,1774336591501,658
user_ab526f12,f926b9d8-8191-4748-802c-898cca329240,/user/normal/llm,1774336591502,1774336594251,2749
user_ab526f12,f926b9d8-8191-4748-802c-898cca329240,/user/visualization,1774336594253,,
user_ab526f12,f926b9d8-8191-4748-802c-898cca329240,/user/visualization,1774337126665,1774337141090,14425
user_ab526f12,f926b9d8-8191-4748-802c-898cca329240,/user/survey,1774337141102,,
user_b14c8e8e,dd155df8-b2a8-4887-b69b-983f06270d37,/user/normal/manual,1774336320353,1774336334674,14321
user_b14c8e8e,dd155df8-b2a8-4887-b69b-983f06270d37,/user/start,1774336334675,1774336340338,5663
user_b14c8e8e,dd155df8-b2a8-4887-b69b-983f06270d37,/user/normal/manual,1774336340339,1774336344778,4439
user_b14c8e8e,dd155df8-b2a8-4887-b69b-983f06270d37,/user/start,1774336344779,1774336356070,11291
user_b14c8e8e,dd155df8-b2a8-4887-b69b-983f06270d37,/user/normal/manual,1774336356071,,
user_b14c8e8e,dd155df8-b2a8-4887-b69b-983f06270d37,/welcome,1774336380936,1774336385027,4091
user_b14c8e8e,dd155df8-b2a8-4887-b69b-983f06270d37,/user/start,1774336385027,1774336389495,4468
user_b14c8e8e,dd155df8-b2a8-4887-b69b-983f06270d37,/user/normal/manual,1774336389497,,
user_b14c8e8e,dd155df8-b2a8-4887-b69b-983f06270d37,/welcome,1774336483980,1774336488074,4094
user_b14c8e8e,dd155df8-b2a8-4887-b69b-983f06270d37,/user/start,1774336488075,1774336489434,1359
user_b14c8e8e,dd155df8-b2a8-4887-b69b-983f06270d37,/user/normal/manual,1774336489436,1774336573007,83571
user_b14c8e8e,dd155df8-b2a8-4887-b69b-983f06270d37,/user/normal/llm,1774336573008,1774336794234,221226
user_b14c8e8e,dd155df8-b2a8-4887-b69b-983f06270d37,/user/visualization,1774336794235,1774336808618,14383
user_b14c8e8e,dd155df8-b2a8-4887-b69b-983f06270d37,/user/survey,1774336808619,1774336811156,2537
user_b14c8e8e,dd155df8-b2a8-4887-b69b-983f06270d37,/user/visualization,1774336811157,1774336816123,4966
user_b14c8e8e,dd155df8-b2a8-4887-b69b-983f06270d37,/user/survey,1774336816124,,
user_b14c8e8e,dd155df8-b2a8-4887-b69b-983f06270d37,/user/survey,1774337114102,1774337936430,822328
user_b14c8e8e,dd155df8-b2a8-4887-b69b-983f06270d37,/user/visualization,1774337936431,,
user_bc542c62,7fd86570-7499-4f1a-9a8a-cfd57b64fc10,/user/normal/manual,1774336232180,1774336266414,34234
user_bc542c62,7fd86570-7499-4f1a-9a8a-cfd57b64fc10,/user/normal/llm,1774336266415,,
user_bcf728a7,ca8bd538-9e3f-4cb6-a502-2470f42dd1d9,/user/normal/manual,1774336245746,1774336248465,2719
user_bcf728a7,ca8bd538-9e3f-4cb6-a502-2470f42dd1d9,/user/start,1774336248465,1774336254639,6174
user_bd093378,5fe90772-597b-4c5a-ad3c-2dd2cdef4897,/user/normal/manual,1774336395208,1774336577992,182784
user_bd093378,5fe90772-597b-4c5a-ad3c-2dd2cdef4897,/user/normal/llm,1774336577993,,
user_bd093378,5fe90772-597b-4c5a-ad3c-2dd2cdef4897,/user/normal/llm,1774337880102,,
user_bd093378,5fe90772-597b-4c5a-ad3c-2dd2cdef4897,/user/normal/llm,1774538181380,,
user_bd234c9a,a8629afd-18d1-43bb-ba02-23b64d30faef,/user/normal/manual,1774336223086,1774336223783,697
user_bd234c9a,a8629afd-18d1-43bb-ba02-23b64d30faef,/user/start,1774336223785,1774336224610,825
user_bd234c9a,a8629afd-18d1-43bb-ba02-23b64d30faef,/user/normal/manual,1774336224611,1774336229445,4834
user_bd234c9a,a8629afd-18d1-43bb-ba02-23b64d30faef,/user/start,1774336229447,1774336232177,2730
user_bddd4b43,e09c71ba-2028-4890-9b63-4d41081798d4,/user/normal/manual,1774336485744,,
user_bf150bc7,b4241dc0-dd0f-476f-b703-0db1e54d326b,/user/normal/manual,1774336208263,,
user_bf150bc7,b4241dc0-dd0f-476f-b703-0db1e54d326b,/welcome,1774336308224,1774336310006,1782
user_bf150bc7,b4241dc0-dd0f-476f-b703-0db1e54d326b,/user/start,1774336310008,1774336340935,30927
user_bf150bc7,b4241dc0-dd0f-476f-b703-0db1e54d326b,/user/normal/manual,1774336340940,1774336356789,15849
user_bf150bc7,b4241dc0-dd0f-476f-b703-0db1e54d326b,/user/start,1774336356791,1774336368260,11469
user_bf150bc7,b4241dc0-dd0f-476f-b703-0db1e54d326b,/user/normal/manual,1774336368264,1774336393855,25591
user_bf150bc7,b4241dc0-dd0f-476f-b703-0db1e54d326b,/user/normal/llm,1774336393857,1774337551059,1157202
user_bf150bc7,b4241dc0-dd0f-476f-b703-0db1e54d326b,/user/visualization,1774337551061,1774337557241,6180
user_bf150bc7,b4241dc0-dd0f-476f-b703-0db1e54d326b,/user/survey,1774337557244,,
user_c086938d,4e1346d7-cac4-488f-9ef4-a448a6d0588f,/user/normal/manual,1774336268067,1774336273367,5300
user_c086938d,4e1346d7-cac4-488f-9ef4-a448a6d0588f,/user/start,1774336273368,,
user_c086938d,4e1346d7-cac4-488f-9ef4-a448a6d0588f,/user/normal/llm,1774336280908,1774336281061,153
user_c086938d,4e1346d7-cac4-488f-9ef4-a448a6d0588f,/user/normal/manual,1774336281063,1774336333331,52268
user_c086938d,4e1346d7-cac4-488f-9ef4-a448a6d0588f,/user/start,1774336333332,,
user_c086938d,4e1346d7-cac4-488f-9ef4-a448a6d0588f,/user/start,1774336336068,1774336339771,3703
user_c086938d,4e1346d7-cac4-488f-9ef4-a448a6d0588f,/user/normal/manual,1774336339773,1774336356177,16404
user_c086938d,4e1346d7-cac4-488f-9ef4-a448a6d0588f,/user/start,1774336356178,1774336358643,2465
user_c086938d,4e1346d7-cac4-488f-9ef4-a448a6d0588f,/welcome,1774336358644,1774336360871,2227
user_c086938d,4e1346d7-cac4-488f-9ef4-a448a6d0588f,/user/start,1774336360872,1774336363780,2908
user_c1c82293,842ee7fd-ab34-4cd6-9a32-0d5ec4115234,/user/normal/manual,1774334936452,1774334937863,1411
user_c1c82293,842ee7fd-ab34-4cd6-9a32-0d5ec4115234,/user/start,1774334937865,1774334943510,5645
user_c379a987,560e4b54-c2aa-4bb2-8c9b-812bdfc46c45,/user/normal/manual,1774336236478,1774336241534,5056
user_c379a987,560e4b54-c2aa-4bb2-8c9b-812bdfc46c45,/user/start,1774336241534,1774336264384,22850
user_c379a987,560e4b54-c2aa-4bb2-8c9b-812bdfc46c45,/user/normal/llm,1774336246665,1774336246881,216
user_c379a987,560e4b54-c2aa-4bb2-8c9b-812bdfc46c45,/user/normal/manual,1774336246882,1774336356429,109547
user_c379a987,560e4b54-c2aa-4bb2-8c9b-812bdfc46c45,/user/normal/manual,1774336264386,1774336300319,35933
user_c379a987,560e4b54-c2aa-4bb2-8c9b-812bdfc46c45,/user/start,1774336300320,1774336312054,11734
user_c38786e9,e4850710-5599-4593-981f-284fde9a4ee6,/user/normal/manual,1774334976776,1774335002542,25766
user_c38786e9,e4850710-5599-4593-981f-284fde9a4ee6,/user/start,1774335002543,1774335016718,14175
user_c544b25e,28450cde-2982-4aee-8770-5d20e681b626,/user/normal/manual,1774336282229,1774336333719,51490
user_c544b25e,28450cde-2982-4aee-8770-5d20e681b626,/user/normal/llm,1774336333721,1774337469481,1135760
user_c544b25e,28450cde-2982-4aee-8770-5d20e681b626,/user/visualization,1774337469484,1774337478415,8931
user_c544b25e,28450cde-2982-4aee-8770-5d20e681b626,/user/survey,1774337478418,,
user_c6e6a1ac,eeaa6c37-e447-4b1d-97fe-4af1e90a1925,/user/normal/manual,1774335018231,1774338394195,3375964
user_c6e6a1ac,eeaa6c37-e447-4b1d-97fe-4af1e90a1925,/user/normal/llm,1774338394197,1774338490066,95869
user_c6e6a1ac,eeaa6c37-e447-4b1d-97fe-4af1e90a1925,/user/visualization,1774338490067,1774338493606,3539
user_c6e6a1ac,eeaa6c37-e447-4b1d-97fe-4af1e90a1925,/user/survey,1774338493606,,
user_c6f9f163,f4a42f12-31bb-41f2-a22d-77e8ae92fedb,/user/normal/manual,1774336207514,1774336216731,9217
user_c6f9f163,f4a42f12-31bb-41f2-a22d-77e8ae92fedb,/user/start,1774336216732,1774336233284,16552
user_c9a3ff6f,a8e9236a-4e78-48a4-8fc6-c9fcbbc722da,/user/normal/manual,1774331829732,1774331906209,76477
user_c9a3ff6f,a8e9236a-4e78-48a4-8fc6-c9fcbbc722da,/user/normal/llm,1774331906210,,
user_c9a3ff6f,a8e9236a-4e78-48a4-8fc6-c9fcbbc722da,/user/normal/llm,1774331912574,,
user_c9a3ff6f,a8e9236a-4e78-48a4-8fc6-c9fcbbc722da,/welcome,1774332848011,1774332863592,15581
user_c9a3ff6f,a8e9236a-4e78-48a4-8fc6-c9fcbbc722da,/user/start,1774332863592,1774332897853,34261
user_d2033a24,d410c4b2-abee-4160-8269-1cfaa8679b2a,/user/normal/manual,1774336416028,1774336452678,36650
user_d2033a24,d410c4b2-abee-4160-8269-1cfaa8679b2a,/user/normal/llm,1774336452679,1774336593802,141123
user_d2033a24,d410c4b2-abee-4160-8269-1cfaa8679b2a,/user/visualization,1774336593803,,
user_d2033a24,d410c4b2-abee-4160-8269-1cfaa8679b2a,/user/visualization,1774336955651,1774336962456,6805
user_d2033a24,d410c4b2-abee-4160-8269-1cfaa8679b2a,/user/survey,1774336962456,,
user_d62f8a24,5819505a-95b7-41f3-a930-95b9608e69af,/user/normal/manual,1774332935539,1774332974974,39435
user_d62f8a24,5819505a-95b7-41f3-a930-95b9608e69af,/user/normal/llm,1774332974974,,
user_d62f8a24,5819505a-95b7-41f3-a930-95b9608e69af,/user/normal/llm,1774332978315,,
user_d62f8a24,5819505a-95b7-41f3-a930-95b9608e69af,/user/normal/llm,1774332980707,,
user_d62f8a24,5819505a-95b7-41f3-a930-95b9608e69af,/user/normal/llm,1774333165416,,
user_d62f8a24,5819505a-95b7-41f3-a930-95b9608e69af,/user/normal/llm,1774333204961,,
user_d62f8a24,5819505a-95b7-41f3-a930-95b9608e69af,/user/normal/llm,1774333205988,,
user_d62f8a24,5819505a-95b7-41f3-a930-95b9608e69af,/user/normal/llm,1774333207441,,
user_d62f8a24,5819505a-95b7-41f3-a930-95b9608e69af,/user/normal/llm,1774333209004,,
user_d62f8a24,5819505a-95b7-41f3-a930-95b9608e69af,/user/normal/llm,1774333216689,,
user_d62f8a24,5819505a-95b7-41f3-a930-95b9608e69af,/user/normal/llm,1774333217608,,
user_d62f8a24,5819505a-95b7-41f3-a930-95b9608e69af,/user/normal/llm,1774333219101,,
user_d62f8a24,5819505a-95b7-41f3-a930-95b9608e69af,/user/normal/llm,1774333221412,,
user_d62f8a24,5819505a-95b7-41f3-a930-95b9608e69af,/user/normal/llm,1774333284402,,
user_d62f8a24,5819505a-95b7-41f3-a930-95b9608e69af,/user/normal/llm,1774333337110,,
user_d62f8a24,5819505a-95b7-41f3-a930-95b9608e69af,/user/normal/llm,1774333396560,,
user_d62f8a24,5819505a-95b7-41f3-a930-95b9608e69af,/,1774334103544,,
user_d62f8a24,5819505a-95b7-41f3-a930-95b9608e69af,/welcome,1774334103560,1774334114472,10912
user_d62f8a24,5819505a-95b7-41f3-a930-95b9608e69af,/user/start,1774334114472,1774334116919,2447
user_d709ade3,101dbee7-9de2-45d9-aac5-d221bcdce80d,/user/normal/manual,1774336312055,,
user_d709ade3,101dbee7-9de2-45d9-aac5-d221bcdce80d,/user/start,1774336356430,1774336359070,2640
user_d709ade3,101dbee7-9de2-45d9-aac5-d221bcdce80d,/user/normal/manual,1774336359071,1774336434814,75743
user_d709ade3,101dbee7-9de2-45d9-aac5-d221bcdce80d,/user/normal/llm,1774336434815,1774336653100,218285
user_d709ade3,101dbee7-9de2-45d9-aac5-d221bcdce80d,/user/visualization,1774336653102,1774336687338,34236
user_d709ade3,101dbee7-9de2-45d9-aac5-d221bcdce80d,/user/survey,1774336687339,,
user_d709ade3,101dbee7-9de2-45d9-aac5-d221bcdce80d,/user/survey,1774337121317,,
user_d709ade3,101dbee7-9de2-45d9-aac5-d221bcdce80d,/user/survey,1774415898432,,
user_d9854b81,91403af4-aa94-4c6f-9946-13f08a670bb7,/user/normal/manual,1774336287261,1774336304876,17615
user_d9854b81,91403af4-aa94-4c6f-9946-13f08a670bb7,/user/start,1774336304877,1774336320351,15474
user_dc662b18,58b26523-f80f-4cda-be85-2072c5d667de,/user/normal/manual,1774336400550,1774336412815,12265
user_dc662b18,58b26523-f80f-4cda-be85-2072c5d667de,/user/start,1774336412816,1774336413595,779
user_dc662b18,58b26523-f80f-4cda-be85-2072c5d667de,/welcome,1774336413595,,
user_dc662b18,58b26523-f80f-4cda-be85-2072c5d667de,/user/start,1774336414734,1774336434315,19581
user_dc662b18,58b26523-f80f-4cda-be85-2072c5d667de,/welcome,1774336434316,1774336441716,7400
user_dc662b18,58b26523-f80f-4cda-be85-2072c5d667de,/user/start,1774336441716,1774336448284,6568
user_e097ec77,4fa474ba-eab2-46f6-b090-9b3c27e4c73f,/user/normal/manual,1774336237178,1774336240392,3214
user_e097ec77,4fa474ba-eab2-46f6-b090-9b3c27e4c73f,/user/start,1774336240395,1774336251253,10858
user_e097ec77,4fa474ba-eab2-46f6-b090-9b3c27e4c73f,/user/normal/manual,1774336251258,1774336256742,5484
user_e097ec77,4fa474ba-eab2-46f6-b090-9b3c27e4c73f,/user/start,1774336256744,1774336282225,25481
user_e3b194c4,10ce0470-45da-4950-a942-56e9247145f6,/user/normal/manual,1774336498639,1774336561311,62672
user_e3b194c4,10ce0470-45da-4950-a942-56e9247145f6,/user/normal/llm,1774336561312,1774336678977,117665
user_e3b194c4,10ce0470-45da-4950-a942-56e9247145f6,/user/visualization,1774336678980,1774337469403,790423
user_e3b194c4,10ce0470-45da-4950-a942-56e9247145f6,/user/survey,1774337469404,,
user_e4deda65,e2e99e85-36a2-4eb7-b61c-d3b18fc67f08,/user/normal/manual,1774334954541,1774335330432,375891
user_e4deda65,e2e99e85-36a2-4eb7-b61c-d3b18fc67f08,/user/normal/llm,1774335330434,,
user_e4deda65,e2e99e85-36a2-4eb7-b61c-d3b18fc67f08,/user/normal/llm,1774335334751,,
user_e4deda65,e2e99e85-36a2-4eb7-b61c-d3b18fc67f08,/user/normal/llm,1774336194172,,
user_e4deda65,e2e99e85-36a2-4eb7-b61c-d3b18fc67f08,/welcome,1774336203067,1774336210624,7557
user_e4deda65,e2e99e85-36a2-4eb7-b61c-d3b18fc67f08,/user/start,1774336210624,1774336215634,5010
user_e688c6c7,f3ee5c11-8b83-48ce-975b-300d775174d6,/user/normal/manual,1774335029224,1774336383727,1354503
user_e688c6c7,f3ee5c11-8b83-48ce-975b-300d775174d6,/welcome,1774336220499,1774336236131,15632
user_e688c6c7,f3ee5c11-8b83-48ce-975b-300d775174d6,/user/start,1774336236132,1774336249237,13105
user_e85c1d3d,c70e5be2-b601-4eb6-99bd-6d7e998e7c0b,/user/normal/manual,1774336385387,1774336388032,2645
user_e85c1d3d,c70e5be2-b601-4eb6-99bd-6d7e998e7c0b,/user/start,1774336388033,1774336390375,2342
user_e85c1d3d,c70e5be2-b601-4eb6-99bd-6d7e998e7c0b,/user/normal/manual,1774336390377,,
user_e85c1d3d,c70e5be2-b601-4eb6-99bd-6d7e998e7c0b,/welcome,1774336486650,1774336488577,1927
user_e85c1d3d,c70e5be2-b601-4eb6-99bd-6d7e998e7c0b,/user/start,1774336488578,1774336491357,2779
user_e85c1d3d,c70e5be2-b601-4eb6-99bd-6d7e998e7c0b,/user/normal/manual,1774336491359,1774336515764,24405
user_e85c1d3d,c70e5be2-b601-4eb6-99bd-6d7e998e7c0b,/user/normal/llm,1774336515766,1774336655865,140099
user_e85c1d3d,c70e5be2-b601-4eb6-99bd-6d7e998e7c0b,/user/visualization,1774336655868,1774336860025,204157
user_e85c1d3d,c70e5be2-b601-4eb6-99bd-6d7e998e7c0b,/user/survey,1774336860026,,
user_e85c1d3d,c70e5be2-b601-4eb6-99bd-6d7e998e7c0b,/user/survey,1774336861786,,
user_e85c1d3d,c70e5be2-b601-4eb6-99bd-6d7e998e7c0b,/user/survey,1774337107317,,
user_e85c1d3d,c70e5be2-b601-4eb6-99bd-6d7e998e7c0b,/user/survey,1774337125201,,
user_ea99cf76,21cece40-a1aa-4764-895a-a29554b2e3a4,/user/normal/manual,1774336220702,1774336332658,111956
user_ea99cf76,21cece40-a1aa-4764-895a-a29554b2e3a4,/user/start,1774336332659,1774336340779,8120
user_ea99cf76,21cece40-a1aa-4764-895a-a29554b2e3a4,/user/normal/manual,1774336340782,1774336355425,14643
user_ea99cf76,21cece40-a1aa-4764-895a-a29554b2e3a4,/user/normal/llm,1774336355427,1774336680889,325462
user_ea99cf76,21cece40-a1aa-4764-895a-a29554b2e3a4,/user/visualization,1774336680891,1774336791164,110273
user_ea99cf76,21cece40-a1aa-4764-895a-a29554b2e3a4,/user/normal/llm,1774336791165,1774336795741,4576
user_ea99cf76,21cece40-a1aa-4764-895a-a29554b2e3a4,/user/visualization,1774336795743,,
user_ea99cf76,21cece40-a1aa-4764-895a-a29554b2e3a4,/user/visualization,1774336801281,1774337134908,333627
user_ea99cf76,21cece40-a1aa-4764-895a-a29554b2e3a4,/user/survey,1774337134910,1774337318352,183442
user_ea99cf76,21cece40-a1aa-4764-895a-a29554b2e3a4,/user/visualization,1774337318353,,
user_ef765454,db4a19ec-dc9a-4c8c-a255-cec56b6dd049,/user/normal/manual,1774334968343,1774335239379,271036
user_ef765454,db4a19ec-dc9a-4c8c-a255-cec56b6dd049,/user/normal/llm,1774335239380,,
user_ef765454,db4a19ec-dc9a-4c8c-a255-cec56b6dd049,/user/normal/llm,1774335241615,,
user_ef765454,db4a19ec-dc9a-4c8c-a255-cec56b6dd049,/user/normal/llm,1774335324997,1774335326529,1532
user_ef765454,db4a19ec-dc9a-4c8c-a255-cec56b6dd049,/user/normal/manual,1774335326532,1774335326938,406
user_ef765454,db4a19ec-dc9a-4c8c-a255-cec56b6dd049,/user/normal/llm,1774335326938,,
user_ef765454,db4a19ec-dc9a-4c8c-a255-cec56b6dd049,/user/normal/llm,1774336219952,1774336853195,633243
user_ef765454,db4a19ec-dc9a-4c8c-a255-cec56b6dd049,/user/visualization,1774336853196,,
user_f19daa60,0d5c3671-4e5b-44c6-a871-3af69c43d1db,/user/normal/manual,1774334994913,1774335294899,299986
user_f19daa60,0d5c3671-4e5b-44c6-a871-3af69c43d1db,/user/normal/llm,1774335294902,,
user_f19daa60,0d5c3671-4e5b-44c6-a871-3af69c43d1db,/user/normal/llm,1774336221205,1774336565310,344105
user_f19daa60,0d5c3671-4e5b-44c6-a871-3af69c43d1db,/user/visualization,1774336565314,1774337037185,471871
user_f19daa60,0d5c3671-4e5b-44c6-a871-3af69c43d1db,/user/survey,1774337037187,1774337066742,29555
user_f19daa60,0d5c3671-4e5b-44c6-a871-3af69c43d1db,/user/visualization,1774337066744,1774339715835,2649091
user_f19daa60,0d5c3671-4e5b-44c6-a871-3af69c43d1db,/user/survey,1774339715839,,
user_f31ca762,a99c176c-63a6-4752-8d39-3167a9bbf0d5,/user/normal/manual,1774336238921,1774336245418,6497
user_f31ca762,a99c176c-63a6-4752-8d39-3167a9bbf0d5,/user/start,1774336245419,1774336253171,7752
user_f3e6c581,09ad70ff-6213-4caf-bc72-5c456fa080ec,/user/normal/manual,1774332897856,,
user_f3e6c581,09ad70ff-6213-4caf-bc72-5c456fa080ec,/,1774332906749,1774332906757,8
user_f3e6c581,09ad70ff-6213-4caf-bc72-5c456fa080ec,/welcome,1774332906757,1774332909422,2665
user_f3e6c581,09ad70ff-6213-4caf-bc72-5c456fa080ec,/user/start,1774332909423,,
user_f3e6c581,09ad70ff-6213-4caf-bc72-5c456fa080ec,/,1774332923252,,
user_f3e6c581,09ad70ff-6213-4caf-bc72-5c456fa080ec,/welcome,1774332923259,1774332931672,8413
user_f3e6c581,09ad70ff-6213-4caf-bc72-5c456fa080ec,/user/start,1774332931672,1774332936932,5260
user_f5f75fff,d0c03a15-0b20-4be1-9e50-6e0cf7f87099,/user/normal/manual,1774334983976,1774335111927,127951
user_f5f75fff,d0c03a15-0b20-4be1-9e50-6e0cf7f87099,/user/normal/llm,1774335111929,,
user_f5f75fff,d0c03a15-0b20-4be1-9e50-6e0cf7f87099,/user/normal/llm,1774335114752,,
user_f780dff1,f4f102d2-791b-4766-b3df-ceaad7c1c653,/user/normal/manual,1774334999598,1774335000823,1225
user_f780dff1,f4f102d2-791b-4766-b3df-ceaad7c1c653,/user/start,1774335000824,1774335007796,6972
user_fb30834f,3cd4cdb7-1fb5-40ae-8a96-e299c7c7ce2f,/user/normal/manual,1774334995924,,
user_fd4fc471,dd207896-13fb-4910-a317-06e43a3ad64a,/user/normal/manual,1774334960755,1774335091718,130963
user_fd4fc471,dd207896-13fb-4910-a317-06e43a3ad64a,/user/normal/llm,1774335091719,,
user_fd4fc471,dd207896-13fb-4910-a317-06e43a3ad64a,/user/normal/llm,1774335285428,,
user_fd4fc471,dd207896-13fb-4910-a317-06e43a3ad64a,/user/normal/llm,1774335307300,,
user_fd4fc471,dd207896-13fb-4910-a317-06e43a3ad64a,/user/normal/llm,1774336185273,,
user_fd4fc471,dd207896-13fb-4910-a317-06e43a3ad64a,/user/normal/llm,1774336220626,1774336464724,244098
user_fd4fc471,dd207896-13fb-4910-a317-06e43a3ad64a,/user/visualization,1774336464726,1774337123294,658568
user_fd4fc471,dd207896-13fb-4910-a317-06e43a3ad64a,/user/survey,1774337123295,,
user_fd4fc471,dd207896-13fb-4910-a317-06e43a3ad64a,/user/survey,1774345895517,,
杉原,9a0655e5-4ef1-4c03-bdc8-54069d1cebfb,/user/normal/manual,1774335007841,1774335334911,327070
杉原,9a0655e5-4ef1-4c03-bdc8-54069d1cebfb,/user/normal/llm,1774335334913,,
杉原,9a0655e5-4ef1-4c03-bdc8-54069d1cebfb,/user/normal/llm,1774335337543,,
杉原,9a0655e5-4ef1-4c03-bdc8-54069d1cebfb,/user/normal/llm,1774335469538,1774335471496,1958
杉原,9a0655e5-4ef1-4c03-bdc8-54069d1cebfb,/user/normal/manual,1774335471497,1774335471858,361
杉原,9a0655e5-4ef1-4c03-bdc8-54069d1cebfb,/user/normal/llm,1774335471859,1774335472669,810
杉原,9a0655e5-4ef1-4c03-bdc8-54069d1cebfb,/user/start,1774335472670,,
杉原,9a0655e5-4ef1-4c03-bdc8-54069d1cebfb,/welcome,1774336208598,1774336210353,1755
杉原,9a0655e5-4ef1-4c03-bdc8-54069d1cebfb,/user/start,1774336210353,1774336219256,8903
杉原,2190892e-758e-40b9-b023-abc1adf33356,/user/normal/manual,1774336219258,1774336312602,93344
杉原,2190892e-758e-40b9-b023-abc1adf33356,/user/start,1774336312603,1774336342619,30016
杉原,2190892e-758e-40b9-b023-abc1adf33356,/user/normal/manual,1774336342620,1774336369340,26720
杉原,2190892e-758e-40b9-b023-abc1adf33356,/user/start,1774336369341,,
杉原,2190892e-758e-40b9-b023-abc1adf33356,/welcome,1774336378916,1774336385063,6147
杉原,2190892e-758e-40b9-b023-abc1adf33356,/user/start,1774336385063,1774336389224,4161
杉原,2190892e-758e-40b9-b023-abc1adf33356,/welcome,1774336389225,1774336394602,5377
杉原,2190892e-758e-40b9-b023-abc1adf33356,/user/start,1774336394603,1774336399311,4708
杉原,2190892e-758e-40b9-b023-abc1adf33356,/user/normal/manual,1774336399315,1774336402107,2792
杉原,2190892e-758e-40b9-b023-abc1adf33356,/user/start,1774336402108,1774336416519,14411
杉原,c59b4fe7-6bc4-45d3-be0d-6a9928077a4b,/user/normal/manual,1774336416521,1774336444520,27999
杉原,c59b4fe7-6bc4-45d3-be0d-6a9928077a4b,/user/normal/llm,1774336444521,1774336501900,57379
杉原,c59b4fe7-6bc4-45d3-be0d-6a9928077a4b,/user/visualization,1774336501903,1774337112814,610911
杉原,c59b4fe7-6bc4-45d3-be0d-6a9928077a4b,/user/survey,1774337112816,,