id,session_id,page_path,entered_at_epoch_ms,left_at_epoch_ms
27,0522c35b-eb1b-4e0b-a925-1a45df31a699,/,1774261867870,
28,0522c35b-eb1b-4e0b-a925-1a45df31a699,/welcome,1774261867901,1774261869612
29,0522c35b-eb1b-4e0b-a925-1a45df31a699,/user/start,1774261869612,1774270902339
391,060f71c9-769a-428b-8bba-d680044fccdd,/user/normal/manual,1774336249239,1774336256446
399,060f71c9-769a-428b-8bba-d680044fccdd,/user/start,1774336256447,1774336300913
26,081c517f-cfea-4e31-a640-599ceda207aa,/user/normal/manual,1774254039436,
110,08e554f6-7eb9-48f8-9969-ef3a90f5a989,/user/normal/manual,1774334978921,1774334981777
113,08e554f6-7eb9-48f8-9969-ef3a90f5a989,/user/start,1774334981778,1774334987943
53,09ad70ff-6213-4caf-bc72-5c456fa080ec,/user/normal/manual,1774332897856,
57,09ad70ff-6213-4caf-bc72-5c456fa080ec,/,1774332906749,1774332906757
56,09ad70ff-6213-4caf-bc72-5c456fa080ec,/welcome,1774332906757,1774332909422
58,09ad70ff-6213-4caf-bc72-5c456fa080ec,/user/start,1774332909423,
62,09ad70ff-6213-4caf-bc72-5c456fa080ec,/,1774332923252,
61,09ad70ff-6213-4caf-bc72-5c456fa080ec,/welcome,1774332923259,1774332931672
64,09ad70ff-6213-4caf-bc72-5c456fa080ec,/user/start,1774332931672,1774332936932
111,0cb5b53c-9358-43ab-9246-f56a94b4b10c,/user/normal/manual,1774334979516,1774335166870
170,0cb5b53c-9358-43ab-9246-f56a94b4b10c,/user/normal/llm,1774335166873,
124,0d5c3671-4e5b-44c6-a871-3af69c43d1db,/user/normal/manual,1774334994913,1774335294899
208,0d5c3671-4e5b-44c6-a871-3af69c43d1db,/user/normal/llm,1774335294902,
349,0d5c3671-4e5b-44c6-a871-3af69c43d1db,/user/normal/llm,1774336221205,1774336565310
620,0d5c3671-4e5b-44c6-a871-3af69c43d1db,/user/visualization,1774336565314,1774337037185
675,0d5c3671-4e5b-44c6-a871-3af69c43d1db,/user/survey,1774337037187,1774337066742
676,0d5c3671-4e5b-44c6-a871-3af69c43d1db,/user/visualization,1774337066744,1774339715835
724,0d5c3671-4e5b-44c6-a871-3af69c43d1db,/user/survey,1774339715839,
118,0d82891c-9584-4cdf-9d42-f885c980e737,/user/normal/manual,1774334990126,1774335264888
199,0d82891c-9584-4cdf-9d42-f885c980e737,/user/normal/llm,1774335264889,
201,0d82891c-9584-4cdf-9d42-f885c980e737,/user/normal/llm,1774335268978,
203,0d82891c-9584-4cdf-9d42-f885c980e737,/user/normal/llm,1774335270352,
256,0d82891c-9584-4cdf-9d42-f885c980e737,/welcome,1774335384548,1774335389699
257,0d82891c-9584-4cdf-9d42-f885c980e737,/user/start,1774335389699,
400,0d82891c-9584-4cdf-9d42-f885c980e737,/user/start,1774336256602,1774336261888
4,0e21303b-3771-47cf-881a-007f8d38b1a5,/user/normal/manual,1774199624737,1774199699749
5,0e21303b-3771-47cf-881a-007f8d38b1a5,/user/normal/llm,1774199699749,
6,0e21303b-3771-47cf-881a-007f8d38b1a5,/,1774200959455,
7,0e21303b-3771-47cf-881a-007f8d38b1a5,/welcome,1774200959480,1774200961288
8,0e21303b-3771-47cf-881a-007f8d38b1a5,/user/start,1774200961288,1774200993328
119,1013ec61-a406-4db5-8467-015dbc5b06d4,/user/normal/manual,1774334991335,1774335156231
164,1013ec61-a406-4db5-8467-015dbc5b06d4,/user/normal/llm,1774335156232,
167,1013ec61-a406-4db5-8467-015dbc5b06d4,/user/normal/llm,1774335158317,
174,1013ec61-a406-4db5-8467-015dbc5b06d4,/user/normal/llm,1774335200948,
175,1013ec61-a406-4db5-8467-015dbc5b06d4,/user/normal/llm,1774335202034,
176,1013ec61-a406-4db5-8467-015dbc5b06d4,/user/normal/llm,1774335203766,
181,1013ec61-a406-4db5-8467-015dbc5b06d4,/user/normal/llm,1774335230765,
182,1013ec61-a406-4db5-8467-015dbc5b06d4,/user/normal/llm,1774335231507,
183,1013ec61-a406-4db5-8467-015dbc5b06d4,/user/normal/llm,1774335232279,
220,1013ec61-a406-4db5-8467-015dbc5b06d4,/user/normal/llm,1774335324746,
222,1013ec61-a406-4db5-8467-015dbc5b06d4,/user/normal/llm,1774335325222,
358,1013ec61-a406-4db5-8467-015dbc5b06d4,/welcome,1774336228232,1774336230035
362,1013ec61-a406-4db5-8467-015dbc5b06d4,/user/start,1774336230036,1774336236476
449,101dbee7-9de2-45d9-aac5-d221bcdce80d,/user/normal/manual,1774336312055,
497,101dbee7-9de2-45d9-aac5-d221bcdce80d,/user/start,1774336356430,1774336359070
503,101dbee7-9de2-45d9-aac5-d221bcdce80d,/user/normal/manual,1774336359071,1774336434814
574,101dbee7-9de2-45d9-aac5-d221bcdce80d,/user/normal/llm,1774336434815,1774336653100
636,101dbee7-9de2-45d9-aac5-d221bcdce80d,/user/visualization,1774336653102,1774336687338
645,101dbee7-9de2-45d9-aac5-d221bcdce80d,/user/survey,1774336687339,
686,101dbee7-9de2-45d9-aac5-d221bcdce80d,/user/survey,1774337121317,
757,101dbee7-9de2-45d9-aac5-d221bcdce80d,/user/survey,1774415898432,
605,10ce0470-45da-4950-a942-56e9247145f6,/user/normal/manual,1774336498639,1774336561311
617,10ce0470-45da-4950-a942-56e9247145f6,/user/normal/llm,1774336561312,1774336678977
641,10ce0470-45da-4950-a942-56e9247145f6,/user/visualization,1774336678980,1774337469403
704,10ce0470-45da-4950-a942-56e9247145f6,/user/survey,1774337469404,
125,13c92b3a-c22e-48cb-8d02-8ed4b3495c9c,/user/normal/manual,1774334997758,1774335242745
187,13c92b3a-c22e-48cb-8d02-8ed4b3495c9c,/user/normal/llm,1774335242748,
189,13c92b3a-c22e-48cb-8d02-8ed4b3495c9c,/user/normal/llm,1774335244723,
190,13c92b3a-c22e-48cb-8d02-8ed4b3495c9c,/user/normal/llm,1774335245666,
191,13c92b3a-c22e-48cb-8d02-8ed4b3495c9c,/user/normal/llm,1774335246742,
268,13c92b3a-c22e-48cb-8d02-8ed4b3495c9c,/user/normal/llm,1774335552267,
355,13c92b3a-c22e-48cb-8d02-8ed4b3495c9c,/user/normal/llm,1774336226075,1774336322725
463,13c92b3a-c22e-48cb-8d02-8ed4b3495c9c,/user/visualization,1774336322729,
337,13d81eb7-f397-45bd-af93-32c441ca2cc3,/user/normal/manual,1774336218748,1774336220254
342,13d81eb7-f397-45bd-af93-32c441ca2cc3,/user/start,1774336220256,1774336223084
744,1b68bac3-9f22-43ec-a57a-22eede8ebaba,/user/normal/manual,1774406032954,1774410999656
745,1b68bac3-9f22-43ec-a57a-22eede8ebaba,/user/start,1774410999659,
746,1b68bac3-9f22-43ec-a57a-22eede8ebaba,/welcome,1774411000738,1774411003213
747,1b68bac3-9f22-43ec-a57a-22eede8ebaba,/user/start,1774411003214,
123,1ef708fa-683d-46c8-977b-bfb759e8f4bd,/user/normal/manual,1774334996056,1774335117826
147,1ef708fa-683d-46c8-977b-bfb759e8f4bd,/user/start,1774335117826,1774335125623
138,1f122fcc-377e-4d96-835c-19571a146df0,/user/normal/manual,1774335016719,1774335141871
151,1f122fcc-377e-4d96-835c-19571a146df0,/user/normal/llm,1774335141872,
153,1f122fcc-377e-4d96-835c-19571a146df0,/user/normal/llm,1774335144452,
156,1f122fcc-377e-4d96-835c-19571a146df0,/user/normal/llm,1774335145793,
158,1f122fcc-377e-4d96-835c-19571a146df0,/user/normal/llm,1774335147536,
160,1f122fcc-377e-4d96-835c-19571a146df0,/user/normal/llm,1774335148977,
162,1f122fcc-377e-4d96-835c-19571a146df0,/user/normal/llm,1774335150207,
249,1f122fcc-377e-4d96-835c-19571a146df0,/user/normal/llm,1774335357510,
250,1f122fcc-377e-4d96-835c-19571a146df0,/user/normal/llm,1774335358520,
252,1f122fcc-377e-4d96-835c-19571a146df0,/user/normal/llm,1774335360670,
304,1f122fcc-377e-4d96-835c-19571a146df0,/user/normal/llm,1774336200799,
730,1f122fcc-377e-4d96-835c-19571a146df0,/user/normal/llm,1774341383298,
135,2048ab1f-96c8-4c14-ab54-00f0267e9a2b,/welcome,1774335014296,1774335016079
137,2048ab1f-96c8-4c14-ab54-00f0267e9a2b,/user/start,1774335016079,1774335018229
338,2190892e-758e-40b9-b023-abc1adf33356,/user/normal/manual,1774336219258,1774336312602
450,2190892e-758e-40b9-b023-abc1adf33356,/user/start,1774336312603,1774336342619
487,2190892e-758e-40b9-b023-abc1adf33356,/user/normal/manual,1774336342620,1774336369340
518,2190892e-758e-40b9-b023-abc1adf33356,/user/start,1774336369341,
525,2190892e-758e-40b9-b023-abc1adf33356,/welcome,1774336378916,1774336385063
534,2190892e-758e-40b9-b023-abc1adf33356,/user/start,1774336385063,1774336389224
539,2190892e-758e-40b9-b023-abc1adf33356,/welcome,1774336389225,1774336394602
546,2190892e-758e-40b9-b023-abc1adf33356,/user/start,1774336394603,1774336399311
550,2190892e-758e-40b9-b023-abc1adf33356,/user/normal/manual,1774336399315,1774336402107
554,2190892e-758e-40b9-b023-abc1adf33356,/user/start,1774336402108,1774336416519
346,21cece40-a1aa-4764-895a-a29554b2e3a4,/user/normal/manual,1774336220702,1774336332658
478,21cece40-a1aa-4764-895a-a29554b2e3a4,/user/start,1774336332659,1774336340779
486,21cece40-a1aa-4764-895a-a29554b2e3a4,/user/normal/manual,1774336340782,1774336355425
498,21cece40-a1aa-4764-895a-a29554b2e3a4,/user/normal/llm,1774336355427,1774336680889
642,21cece40-a1aa-4764-895a-a29554b2e3a4,/user/visualization,1774336680891,1774336791164
651,21cece40-a1aa-4764-895a-a29554b2e3a4,/user/normal/llm,1774336791165,1774336795741
654,21cece40-a1aa-4764-895a-a29554b2e3a4,/user/visualization,1774336795743,
656,21cece40-a1aa-4764-895a-a29554b2e3a4,/user/visualization,1774336801281,1774337134908
692,21cece40-a1aa-4764-895a-a29554b2e3a4,/user/survey,1774337134910,1774337318352
699,21cece40-a1aa-4764-895a-a29554b2e3a4,/user/visualization,1774337318353,
466,24bd8d32-68ee-46fd-b5bb-dd34b7dc8130,/user/normal/manual,1774336323940,
580,24bd8d32-68ee-46fd-b5bb-dd34b7dc8130,/welcome,1774336449671,1774336458529
583,24bd8d32-68ee-46fd-b5bb-dd34b7dc8130,/user/start,1774336458531,1774336463322
586,24bd8d32-68ee-46fd-b5bb-dd34b7dc8130,/user/normal/manual,1774336463325,1774336466515
588,24bd8d32-68ee-46fd-b5bb-dd34b7dc8130,/user/start,1774336466518,1774336485741
579,276d7255-f52e-47c3-8d72-fb766194ab4f,/user/normal/manual,1774336448285,1774336476650
590,276d7255-f52e-47c3-8d72-fb766194ab4f,/user/start,1774336476650,1774336481075
592,276d7255-f52e-47c3-8d72-fb766194ab4f,/user/normal/manual,1774336481076,
424,28450cde-2982-4aee-8770-5d20e681b626,/user/normal/manual,1774336282229,1774336333719
479,28450cde-2982-4aee-8770-5d20e681b626,/user/normal/llm,1774336333721,1774337469481
705,28450cde-2982-4aee-8770-5d20e681b626,/user/visualization,1774337469484,1774337478415
707,28450cde-2982-4aee-8770-5d20e681b626,/user/survey,1774337478418,
519,29ffdfd2-55ee-4d1b-a1c9-860dfb9a9281,/user/normal/manual,1774336369670,1774336372723
521,29ffdfd2-55ee-4d1b-a1c9-860dfb9a9281,/user/start,1774336372724,1774336377039
523,29ffdfd2-55ee-4d1b-a1c9-860dfb9a9281,/user/normal/manual,1774336377041,1774336380356
528,29ffdfd2-55ee-4d1b-a1c9-860dfb9a9281,/user/start,1774336380357,1774336385385
133,2af3b490-b6e8-40c2-8b85-cfa280ac6905,/user/normal/manual,1774335008340,1774335269615
202,2af3b490-b6e8-40c2-8b85-cfa280ac6905,/user/normal/llm,1774335269616,
206,2af3b490-b6e8-40c2-8b85-cfa280ac6905,/user/normal/llm,1774335273954,
267,2af3b490-b6e8-40c2-8b85-cfa280ac6905,/user/normal/llm,1774335497395,
285,2af3b490-b6e8-40c2-8b85-cfa280ac6905,/user/normal/llm,1774335755478,
294,2af3b490-b6e8-40c2-8b85-cfa280ac6905,/user/normal/llm,1774336187117,
327,2af3b490-b6e8-40c2-8b85-cfa280ac6905,/user/normal/llm,1774336212863,1774336459362
584,2af3b490-b6e8-40c2-8b85-cfa280ac6905,/user/visualization,1774336459363,1774336533267
613,2af3b490-b6e8-40c2-8b85-cfa280ac6905,/user/survey,1774336533268,
614,2af3b490-b6e8-40c2-8b85-cfa280ac6905,/user/survey,1774336535059,
664,2af3b490-b6e8-40c2-8b85-cfa280ac6905,/,1774336898353,1774336898729
665,2af3b490-b6e8-40c2-8b85-cfa280ac6905,/welcome,1774336898729,
666,2af3b490-b6e8-40c2-8b85-cfa280ac6905,/,1774336906234,
667,2af3b490-b6e8-40c2-8b85-cfa280ac6905,/welcome,1774336906239,
700,2af3b490-b6e8-40c2-8b85-cfa280ac6905,/user/survey,1774337460436,
397,2e1928bd-3a92-4c28-b5d8-0007e75eefdf,/user/normal/manual,1774336254641,1774336257841
403,2e1928bd-3a92-4c28-b5d8-0007e75eefdf,/user/start,1774336257841,1774336260861
405,2e1928bd-3a92-4c28-b5d8-0007e75eefdf,/user/normal/manual,1774336260862,1774336300518
435,2e1928bd-3a92-4c28-b5d8-0007e75eefdf,/user/normal/llm,1774336300519,1774336760054
650,2e1928bd-3a92-4c28-b5d8-0007e75eefdf,/user/visualization,1774336760056,1774336797514
655,2e1928bd-3a92-4c28-b5d8-0007e75eefdf,/user/survey,1774336797515,
684,2e1928bd-3a92-4c28-b5d8-0007e75eefdf,/user/survey,1774337116603,
36,2f601dd0-6b8f-459d-90ab-3d4ae9eac4fc,/user/normal/manual,1774328725064,1774331307565
37,2f601dd0-6b8f-459d-90ab-3d4ae9eac4fc,/user/normal/llm,1774331307565,1774331584289
38,2f601dd0-6b8f-459d-90ab-3d4ae9eac4fc,/user/visualization,1774331584289,1774331615466
39,2f601dd0-6b8f-459d-90ab-3d4ae9eac4fc,/user/survey,1774331615466,
40,2f601dd0-6b8f-459d-90ab-3d4ae9eac4fc,/user/survey,1774331619681,
32,2f7e6f31-5928-49e4-960e-affce1b64df0,/user/normal/manual,1774273329697,
41,2f7e6f31-5928-49e4-960e-affce1b64df0,/welcome,1774331819840,1774331822690
42,2f7e6f31-5928-49e4-960e-affce1b64df0,/user/start,1774331822691,1774331829730
112,30bfee22-9825-4049-8354-d41f225ecfef,/user/normal/manual,1774334979697,1774335334431
236,30bfee22-9825-4049-8354-d41f225ecfef,/user/normal/llm,1774335334433,
281,30bfee22-9825-4049-8354-d41f225ecfef,/user/normal/llm,1774335749445,
282,30bfee22-9825-4049-8354-d41f225ecfef,/user/normal/llm,1774335750383,
283,30bfee22-9825-4049-8354-d41f225ecfef,/user/normal/llm,1774335751200,
284,30bfee22-9825-4049-8354-d41f225ecfef,/user/normal/llm,1774335751946,
290,30bfee22-9825-4049-8354-d41f225ecfef,/user/normal/llm,1774336059026,
291,30bfee22-9825-4049-8354-d41f225ecfef,/user/normal/llm,1774336182949,
292,30bfee22-9825-4049-8354-d41f225ecfef,/user/normal/llm,1774336185104,
295,30bfee22-9825-4049-8354-d41f225ecfef,/user/normal/llm,1774336187292,
305,30bfee22-9825-4049-8354-d41f225ecfef,/welcome,1774336200920,1774336202859
309,30bfee22-9825-4049-8354-d41f225ecfef,/user/start,1774336202860,1774336208946
321,30bfee22-9825-4049-8354-d41f225ecfef,/user/normal/llm,1774336208948,1774336282471
425,30bfee22-9825-4049-8354-d41f225ecfef,/user/start,1774336282472,1774336285666
427,30bfee22-9825-4049-8354-d41f225ecfef,/user/normal/llm,1774336285668,
471,30bfee22-9825-4049-8354-d41f225ecfef,/user/normal/llm,1774336327880,1774336364286
511,30bfee22-9825-4049-8354-d41f225ecfef,/user/start,1774336364286,1774336364476
512,30bfee22-9825-4049-8354-d41f225ecfef,/welcome,1774336364476,1774336366218
514,30bfee22-9825-4049-8354-d41f225ecfef,/user/start,1774336366219,1774336369667
54,35540577-7073-44d6-a20c-b2378db5cf73,/admin,1774332904545,1774332904551
55,35540577-7073-44d6-a20c-b2378db5cf73,/admin/login,1774332904551,
59,35540577-7073-44d6-a20c-b2378db5cf73,/,1774332915566,1774332915567
60,35540577-7073-44d6-a20c-b2378db5cf73,/welcome,1774332915567,1774332931820
63,35540577-7073-44d6-a20c-b2378db5cf73,/user/start,1774332931821,1774332935539
142,355938bb-de18-4b42-8dc3-3441618c36b7,/user/normal/manual,1774335027966,
301,355938bb-de18-4b42-8dc3-3441618c36b7,/welcome,1774336196021,1774336207280
315,355938bb-de18-4b42-8dc3-3441618c36b7,/user/start,1774336207282,1774336227988
540,3a3eb637-e01c-473b-8f55-b06dff5a9969,/user/normal/manual,1774336389327,1774336393322
544,3a3eb637-e01c-473b-8f55-b06dff5a9969,/user/start,1774336393323,1774336402264
122,3cd4cdb7-1fb5-40ae-8a96-e299c7c7ce2f,/user/normal/manual,1774334995924,
9,4107631a-caf4-4f80-a908-11c183749241,/user/normal/manual,1774200993329,1774201766299
10,4107631a-caf4-4f80-a908-11c183749241,/admin,1774201166423,1774201166493
11,4107631a-caf4-4f80-a908-11c183749241,/admin/login,1774201166493,1774201169252
12,4107631a-caf4-4f80-a908-11c183749241,/admin/dashboard/normal,1774201169254,1774201209095
13,4107631a-caf4-4f80-a908-11c183749241,/admin/ops,1774201209096,1774201210882
14,4107631a-caf4-4f80-a908-11c183749241,/admin/config,1774201210883,1774201223731
15,4107631a-caf4-4f80-a908-11c183749241,/admin/ops,1774201223732,1774201224379
16,4107631a-caf4-4f80-a908-11c183749241,/admin/dashboard,1774201224380,1774201238121
17,4107631a-caf4-4f80-a908-11c183749241,/admin/units,1774201238121,1774201239480
18,4107631a-caf4-4f80-a908-11c183749241,/admin/config,1774201239480,1774201256302
19,4107631a-caf4-4f80-a908-11c183749241,/admin/ops,1774201256302,1774201266566
20,4107631a-caf4-4f80-a908-11c183749241,/admin/dashboard,1774201266566,1774201777998
22,4107631a-caf4-4f80-a908-11c183749241,/user/normal/llm,1774201766299,
23,4107631a-caf4-4f80-a908-11c183749241,/admin/config,1774201777998,
24,4107631a-caf4-4f80-a908-11c183749241,/user/normal/llm,1774201795134,
44,4107631a-caf4-4f80-a908-11c183749241,/admin,1774331840746,1774331840772
45,4107631a-caf4-4f80-a908-11c183749241,/admin/login,1774331840772,1774331842406
46,4107631a-caf4-4f80-a908-11c183749241,/admin/dashboard/normal,1774331842407,1774331847321
47,4107631a-caf4-4f80-a908-11c183749241,/admin/ops,1774331847321,1774331847714
48,4107631a-caf4-4f80-a908-11c183749241,/admin/config,1774331847715,
453,4107631a-caf4-4f80-a908-11c183749241,/,1774336315874,1774336315884
454,4107631a-caf4-4f80-a908-11c183749241,/welcome,1774336315884,1774336318369
456,4107631a-caf4-4f80-a908-11c183749241,/user/start,1774336318370,1774336320946
459,4107631a-caf4-4f80-a908-11c183749241,/user/normal/llm,1774336320946,1774336324557
467,4107631a-caf4-4f80-a908-11c183749241,/user/start,1774336324558,
106,4144dad1-655a-4b37-b2b8-9a99a8175678,/user/normal/manual,1774334972539,1774335259844
196,4144dad1-655a-4b37-b2b8-9a99a8175678,/user/normal/llm,1774335259846,
260,4144dad1-655a-4b37-b2b8-9a99a8175678,/user/normal/llm,1774335442538,
296,4144dad1-655a-4b37-b2b8-9a99a8175678,/user/normal/llm,1774336192229,
326,4144dad1-655a-4b37-b2b8-9a99a8175678,/welcome,1774336210964,1774336212913
329,4144dad1-655a-4b37-b2b8-9a99a8175678,/user/start,1774336212913,1774336220694
30,43c8fb3b-1c8f-4469-82ae-846551d04511,/user/normal/manual,1774270902339,
33,43c8fb3b-1c8f-4469-82ae-846551d04511,/,1774328718204,1774328718252
35,43c8fb3b-1c8f-4469-82ae-846551d04511,/welcome,1774328718252,1774328719703
34,43c8fb3b-1c8f-4469-82ae-846551d04511,/user/start,1774328719703,1774328725063
758,4d86c2f8-e4ae-4112-a92e-c203c680cbd3,/user/normal/manual,1774478932071,1774479053254
759,4d86c2f8-e4ae-4112-a92e-c203c680cbd3,/user/normal/llm,1774479053255,1774479157065
760,4d86c2f8-e4ae-4112-a92e-c203c680cbd3,/user/visualization,1774479157065,1774479193300
761,4d86c2f8-e4ae-4112-a92e-c203c680cbd3,/user/survey,1774479193301,
121,4d9f6aa1-0bd6-4aa7-8b86-69b52129f9fa,/user/normal/manual,1774334994332,1774336210987
324,4d9f6aa1-0bd6-4aa7-8b86-69b52129f9fa,/user/start,1774336210989,1774336217158
335,4d9f6aa1-0bd6-4aa7-8b86-69b52129f9fa,/user/normal/llm,1774336217159,1774337140477
693,4d9f6aa1-0bd6-4aa7-8b86-69b52129f9fa,/user/start,1774337140479,1774337141143
695,4d9f6aa1-0bd6-4aa7-8b86-69b52129f9fa,/welcome,1774337141144,
742,4d9f6aa1-0bd6-4aa7-8b86-69b52129f9fa,/welcome,1774404696040,
412,4e1346d7-cac4-488f-9ef4-a448a6d0588f,/user/normal/manual,1774336268067,1774336273367
416,4e1346d7-cac4-488f-9ef4-a448a6d0588f,/user/start,1774336273368,
422,4e1346d7-cac4-488f-9ef4-a448a6d0588f,/user/normal/llm,1774336280908,1774336281061
423,4e1346d7-cac4-488f-9ef4-a448a6d0588f,/user/normal/manual,1774336281063,1774336333331
477,4e1346d7-cac4-488f-9ef4-a448a6d0588f,/user/start,1774336333332,
481,4e1346d7-cac4-488f-9ef4-a448a6d0588f,/user/start,1774336336068,1774336339771
483,4e1346d7-cac4-488f-9ef4-a448a6d0588f,/user/normal/manual,1774336339773,1774336356177
496,4e1346d7-cac4-488f-9ef4-a448a6d0588f,/user/start,1774336356178,1774336358643
502,4e1346d7-cac4-488f-9ef4-a448a6d0588f,/welcome,1774336358644,1774336360871
504,4e1346d7-cac4-488f-9ef4-a448a6d0588f,/user/start,1774336360872,1774336363780
374,4fa474ba-eab2-46f6-b090-9b3c27e4c73f,/user/normal/manual,1774336237178,1774336240392
379,4fa474ba-eab2-46f6-b090-9b3c27e4c73f,/user/start,1774336240395,1774336251253
393,4fa474ba-eab2-46f6-b090-9b3c27e4c73f,/user/normal/manual,1774336251258,1774336256742
401,4fa474ba-eab2-46f6-b090-9b3c27e4c73f,/user/start,1774336256744,1774336282225
373,560e4b54-c2aa-4bb2-8c9b-812bdfc46c45,/user/normal/manual,1774336236478,1774336241534
381,560e4b54-c2aa-4bb2-8c9b-812bdfc46c45,/user/start,1774336241534,1774336264384
385,560e4b54-c2aa-4bb2-8c9b-812bdfc46c45,/user/normal/llm,1774336246665,1774336246881
386,560e4b54-c2aa-4bb2-8c9b-812bdfc46c45,/user/normal/manual,1774336246882,1774336356429
408,560e4b54-c2aa-4bb2-8c9b-812bdfc46c45,/user/normal/manual,1774336264386,1774336300319
434,560e4b54-c2aa-4bb2-8c9b-812bdfc46c45,/user/start,1774336300320,1774336312054
65,5819505a-95b7-41f3-a930-95b9608e69af,/user/normal/manual,1774332935539,1774332974974
67,5819505a-95b7-41f3-a930-95b9608e69af,/user/normal/llm,1774332974974,
68,5819505a-95b7-41f3-a930-95b9608e69af,/user/normal/llm,1774332978315,
69,5819505a-95b7-41f3-a930-95b9608e69af,/user/normal/llm,1774332980707,
75,5819505a-95b7-41f3-a930-95b9608e69af,/user/normal/llm,1774333165416,
76,5819505a-95b7-41f3-a930-95b9608e69af,/user/normal/llm,1774333204961,
77,5819505a-95b7-41f3-a930-95b9608e69af,/user/normal/llm,1774333205988,
78,5819505a-95b7-41f3-a930-95b9608e69af,/user/normal/llm,1774333207441,
79,5819505a-95b7-41f3-a930-95b9608e69af,/user/normal/llm,1774333209004,
80,5819505a-95b7-41f3-a930-95b9608e69af,/user/normal/llm,1774333216689,
81,5819505a-95b7-41f3-a930-95b9608e69af,/user/normal/llm,1774333217608,
82,5819505a-95b7-41f3-a930-95b9608e69af,/user/normal/llm,1774333219101,
83,5819505a-95b7-41f3-a930-95b9608e69af,/user/normal/llm,1774333221412,
84,5819505a-95b7-41f3-a930-95b9608e69af,/user/normal/llm,1774333284402,
85,5819505a-95b7-41f3-a930-95b9608e69af,/user/normal/llm,1774333337110,
86,5819505a-95b7-41f3-a930-95b9608e69af,/user/normal/llm,1774333396560,
88,5819505a-95b7-41f3-a930-95b9608e69af,/,1774334103544,
87,5819505a-95b7-41f3-a930-95b9608e69af,/welcome,1774334103560,1774334114472
89,5819505a-95b7-41f3-a930-95b9608e69af,/user/start,1774334114472,1774334116919
552,58b26523-f80f-4cda-be85-2072c5d667de,/user/normal/manual,1774336400550,1774336412815
561,58b26523-f80f-4cda-be85-2072c5d667de,/user/start,1774336412816,1774336413595
562,58b26523-f80f-4cda-be85-2072c5d667de,/welcome,1774336413595,
563,58b26523-f80f-4cda-be85-2072c5d667de,/user/start,1774336414734,1774336434315
573,58b26523-f80f-4cda-be85-2072c5d667de,/welcome,1774336434316,1774336441716
577,58b26523-f80f-4cda-be85-2072c5d667de,/user/start,1774336441716,1774336448284
442,58fc141e-cf3e-44cb-84ab-37545a74d486,/user/normal/manual,1774336305497,1774336366529
515,58fc141e-cf3e-44cb-84ab-37545a74d486,/user/normal/llm,1774336366531,1774337877163
716,58fc141e-cf3e-44cb-84ab-37545a74d486,/user/visualization,1774337877165,1774337887888
718,58fc141e-cf3e-44cb-84ab-37545a74d486,/user/survey,1774337887892,1774342643925
731,58fc141e-cf3e-44cb-84ab-37545a74d486,/user/visualization,1774342643939,
429,5b6a51a9-3530-4834-a4a4-a2d7d2e15e2a,/user/normal/manual,1774336286939,1774336345521
489,5b6a51a9-3530-4834-a4a4-a2d7d2e15e2a,/user/normal/llm,1774336345522,1774336617604
634,5b6a51a9-3530-4834-a4a4-a2d7d2e15e2a,/user/visualization,1774336617605,1774337459159
701,5b6a51a9-3530-4834-a4a4-a2d7d2e15e2a,/user/survey,1774337459161,1774339946448
725,5b6a51a9-3530-4834-a4a4-a2d7d2e15e2a,/user/visualization,1774339946452,1774339976913
726,5b6a51a9-3530-4834-a4a4-a2d7d2e15e2a,/user/normal/llm,1774339976915,1774339979019
727,5b6a51a9-3530-4834-a4a4-a2d7d2e15e2a,/user/normal/manual,1774339979021,1774339979448
728,5b6a51a9-3530-4834-a4a4-a2d7d2e15e2a,/user/normal/llm,1774339979449,
729,5b6a51a9-3530-4834-a4a4-a2d7d2e15e2a,/user/start,1774339982383,
743,5b6a51a9-3530-4834-a4a4-a2d7d2e15e2a,/user/start,1774406027500,1774406032953
547,5fe90772-597b-4c5a-ad3c-2dd2cdef4897,/user/normal/manual,1774336395208,1774336577992
622,5fe90772-597b-4c5a-ad3c-2dd2cdef4897,/user/normal/llm,1774336577993,
717,5fe90772-597b-4c5a-ad3c-2dd2cdef4897,/user/normal/llm,1774337880102,
762,5fe90772-597b-4c5a-ad3c-2dd2cdef4897,/user/normal/llm,1774538181380,
510,6160db0d-0a05-4196-ae06-0f8430a8dd47,/user/normal/manual,1774336363781,
532,6160db0d-0a05-4196-ae06-0f8430a8dd47,/welcome,1774336384649,1774336388655
538,6160db0d-0a05-4196-ae06-0f8430a8dd47,/user/start,1774336388656,1774336390722
376,61daf14c-0006-44d1-aa48-e6968ae36f33,/user/normal/manual,1774336238673,1774336395563
548,61daf14c-0006-44d1-aa48-e6968ae36f33,/user/normal/llm,1774336395564,1774336544903
616,61daf14c-0006-44d1-aa48-e6968ae36f33,/user/visualization,1774336544904,1774336580550
623,61daf14c-0006-44d1-aa48-e6968ae36f33,/user/survey,1774336580551,1774336583965
624,61daf14c-0006-44d1-aa48-e6968ae36f33,/user/visualization,1774336583967,
21,65da1566-b7a1-4f10-b2eb-4874b28f0bc1,/user/start,1774201472135,
25,65da1566-b7a1-4f10-b2eb-4874b28f0bc1,/user/start,1774247822235,
71,65da1566-b7a1-4f10-b2eb-4874b28f0bc1,/user/start,1774333111618,
763,65da1566-b7a1-4f10-b2eb-4874b28f0bc1,/user/start,1774957637209,
90,690e6f55-5517-4d7c-a3ae-5745796fb6fa,/user/normal/manual,1774334116920,1774334147339
91,690e6f55-5517-4d7c-a3ae-5745796fb6fa,/user/normal/llm,1774334147339,
92,690e6f55-5517-4d7c-a3ae-5745796fb6fa,/user/normal/llm,1774334151671,1774334215373
93,690e6f55-5517-4d7c-a3ae-5745796fb6fa,/user/visualization,1774334215373,1774334226744
94,690e6f55-5517-4d7c-a3ae-5745796fb6fa,/user/survey,1774334226744,
95,690e6f55-5517-4d7c-a3ae-5745796fb6fa,/user/survey,1774334229498,
96,690e6f55-5517-4d7c-a3ae-5745796fb6fa,/user/survey,1774334230935,
415,6d3b347c-d2e8-40f4-b640-3240c2ad1f8e,/user/normal/manual,1774336273437,1774336280230
420,6d3b347c-d2e8-40f4-b640-3240c2ad1f8e,/user/start,1774336280231,1774336284048
347,6d74f108-42c9-434e-bd30-a8333c2e5512,/user/normal/manual,1774336221852,1774336227304
356,6d74f108-42c9-434e-bd30-a8333c2e5512,/welcome,1774336227304,1774336228376
359,6d74f108-42c9-434e-bd30-a8333c2e5512,/user/start,1774336228376,
394,6d74f108-42c9-434e-bd30-a8333c2e5512,/user/normal/llm,1774336253088,1774336253311
396,6d74f108-42c9-434e-bd30-a8333c2e5512,/user/normal/manual,1774336253313,
409,6d74f108-42c9-434e-bd30-a8333c2e5512,/user/normal/manual,1774336264445,1774336270375
414,6d74f108-42c9-434e-bd30-a8333c2e5512,/welcome,1774336270376,1774336274201
417,6d74f108-42c9-434e-bd30-a8333c2e5512,/user/start,1774336274201,1774336302940
148,73516e68-a9c0-4fe3-b8e4-a77daa61d4b1,/user/normal/manual,1774335125624,1774335271260
204,73516e68-a9c0-4fe3-b8e4-a77daa61d4b1,/user/normal/llm,1774335271262,
367,73516e68-a9c0-4fe3-b8e4-a77daa61d4b1,/user/normal/llm,1774336232523,
567,73516e68-a9c0-4fe3-b8e4-a77daa61d4b1,/user/normal/llm,1774336416660,1774336437696
576,73516e68-a9c0-4fe3-b8e4-a77daa61d4b1,/user/normal/manual,1774336437698,1774336502464
607,73516e68-a9c0-4fe3-b8e4-a77daa61d4b1,/user/normal/llm,1774336502465,
619,73516e68-a9c0-4fe3-b8e4-a77daa61d4b1,/user/normal/llm,1774336565947,
630,73516e68-a9c0-4fe3-b8e4-a77daa61d4b1,/welcome,1774336600971,1774336604105
631,73516e68-a9c0-4fe3-b8e4-a77daa61d4b1,/user/start,1774336604106,1774336606315
632,73516e68-a9c0-4fe3-b8e4-a77daa61d4b1,/user/normal/llm,1774336606316,
643,73516e68-a9c0-4fe3-b8e4-a77daa61d4b1,/welcome,1774336685502,1774336687305
644,73516e68-a9c0-4fe3-b8e4-a77daa61d4b1,/user/start,1774336687306,
646,73516e68-a9c0-4fe3-b8e4-a77daa61d4b1,/user/start,1774336694089,1774336696750
647,73516e68-a9c0-4fe3-b8e4-a77daa61d4b1,/user/normal/llm,1774336696752,
652,73516e68-a9c0-4fe3-b8e4-a77daa61d4b1,/welcome,1774336792587,
703,73516e68-a9c0-4fe3-b8e4-a77daa61d4b1,/user/normal/llm,1774337469083,
709,73516e68-a9c0-4fe3-b8e4-a77daa61d4b1,/welcome,1774337499818,1774337542449
711,73516e68-a9c0-4fe3-b8e4-a77daa61d4b1,/user/start,1774337542450,1774337609688
714,73516e68-a9c0-4fe3-b8e4-a77daa61d4b1,/user/normal/manual,1774337609691,1774337613130
715,73516e68-a9c0-4fe3-b8e4-a77daa61d4b1,/user/start,1774337613131,
732,73516e68-a9c0-4fe3-b8e4-a77daa61d4b1,/welcome,1774343334857,
357,7355251d-990d-4bd5-a322-90a3e725fe6b,/user/normal/manual,1774336227990,1774336298520
433,7355251d-990d-4bd5-a322-90a3e725fe6b,/user/normal/llm,1774336298523,1774336304638
439,7355251d-990d-4bd5-a322-90a3e725fe6b,/user/normal/manual,1774336304640,1774336305231
441,7355251d-990d-4bd5-a322-90a3e725fe6b,/user/normal/llm,1774336305234,1774336310507
447,7355251d-990d-4bd5-a322-90a3e725fe6b,/user/normal/manual,1774336310509,1774336310941
448,7355251d-990d-4bd5-a322-90a3e725fe6b,/user/normal/llm,1774336310943,
589,7355251d-990d-4bd5-a322-90a3e725fe6b,/welcome,1774336475560,1774336479325
591,7355251d-990d-4bd5-a322-90a3e725fe6b,/user/start,1774336479327,1774336535745
615,7355251d-990d-4bd5-a322-90a3e725fe6b,/user/normal/llm,1774336535748,1774336749095
649,7355251d-990d-4bd5-a322-90a3e725fe6b,/user/visualization,1774336749099,1774337123100
687,7355251d-990d-4bd5-a322-90a3e725fe6b,/user/survey,1774337123104,
679,73648333-f8e7-459b-b9fd-f75d6b161609,/user/normal/manual,1774337080091,
116,7515f6ea-089f-4bbc-9c4a-760dbc5611bb,/user/normal/manual,1774334987126,1774335212940
177,7515f6ea-089f-4bbc-9c4a-760dbc5611bb,/user/normal/llm,1774335212941,
178,7515f6ea-089f-4bbc-9c4a-760dbc5611bb,/user/normal/llm,1774335215648,1774335218485
179,7515f6ea-089f-4bbc-9c4a-760dbc5611bb,/user/normal/manual,1774335218486,1774335218901
180,7515f6ea-089f-4bbc-9c4a-760dbc5611bb,/user/normal/llm,1774335218901,1774335313126
211,7515f6ea-089f-4bbc-9c4a-760dbc5611bb,/user/start,1774335313127,1774335317211
390,76d5c527-f3aa-4615-81c3-fd1c0db5af42,/user/normal/manual,1774336248543,1774336255333
398,76d5c527-f3aa-4615-81c3-fd1c0db5af42,/user/start,1774336255334,1774336266074
410,76d5c527-f3aa-4615-81c3-fd1c0db5af42,/user/normal/manual,1774336266075,1774336269480
413,76d5c527-f3aa-4615-81c3-fd1c0db5af42,/user/start,1774336269481,1774336286938
212,77af0f4f-f482-4258-b1c8-6f20f1011488,/user/normal/manual,1774335317213,
380,77af0f4f-f482-4258-b1c8-6f20f1011488,/welcome,1774336240724,1774336241880
382,77af0f4f-f482-4258-b1c8-6f20f1011488,/user/start,1774336241880,1774336245745
140,78b7a1c5-7dca-49b0-af44-edaf200d1e04,/user/normal/manual,1774335023123,1774335638440
272,78b7a1c5-7dca-49b0-af44-edaf200d1e04,/user/normal/llm,1774335638440,
273,78b7a1c5-7dca-49b0-af44-edaf200d1e04,/user/normal/llm,1774335647486,
274,78b7a1c5-7dca-49b0-af44-edaf200d1e04,/user/normal/llm,1774335649969,
275,78b7a1c5-7dca-49b0-af44-edaf200d1e04,/user/normal/llm,1774335660278,
334,78b7a1c5-7dca-49b0-af44-edaf200d1e04,/user/normal/llm,1774336217152,1774336608683
633,78b7a1c5-7dca-49b0-af44-edaf200d1e04,/user/visualization,1774336608684,1774337158252
697,78b7a1c5-7dca-49b0-af44-edaf200d1e04,/user/survey,1774337158272,1774338047963
720,78b7a1c5-7dca-49b0-af44-edaf200d1e04,/user/visualization,1774338047965,
368,7dc8583d-1afd-4590-8f72-4aad11bbaa63,/user/normal/manual,1774336233285,1774336262098
407,7dc8583d-1afd-4590-8f72-4aad11bbaa63,/user/start,1774336262099,1774336268065
366,7fd86570-7499-4f1a-9a8a-cfd57b64fc10,/user/normal/manual,1774336232180,1774336266414
411,7fd86570-7499-4f1a-9a8a-cfd57b64fc10,/user/normal/llm,1774336266415,
114,816750da-2886-4174-b5f3-ff215e08c473,/user/normal/manual,1774334982374,1774335187047
172,816750da-2886-4174-b5f3-ff215e08c473,/user/normal/llm,1774335187048,
173,816750da-2886-4174-b5f3-ff215e08c473,/user/normal/llm,1774335188854,
251,816750da-2886-4174-b5f3-ff215e08c473,/user/normal/llm,1774335359517,1774335360630
253,816750da-2886-4174-b5f3-ff215e08c473,/user/normal/manual,1774335360633,1774335361131
254,816750da-2886-4174-b5f3-ff215e08c473,/user/normal/llm,1774335361131,1774335362528
255,816750da-2886-4174-b5f3-ff215e08c473,/user/start,1774335362530,1774335435526
258,816750da-2886-4174-b5f3-ff215e08c473,/welcome,1774335435527,1774335436920
259,816750da-2886-4174-b5f3-ff215e08c473,/user/start,1774335436920,1774335440367
100,842ee7fd-ab34-4cd6-9a32-0d5ec4115234,/user/normal/manual,1774334936452,1774334937863
101,842ee7fd-ab34-4cd6-9a32-0d5ec4115234,/user/start,1774334937865,1774334943510
136,84d37ee9-8688-469d-a4da-ef2b8928b963,/user/normal/manual,1774335014869,1774335266016
200,84d37ee9-8688-469d-a4da-ef2b8928b963,/user/normal/llm,1774335266018,1774335837099
286,84d37ee9-8688-469d-a4da-ef2b8928b963,/user/normal/manual,1774335837103,1774335837594
287,84d37ee9-8688-469d-a4da-ef2b8928b963,/user/normal/llm,1774335837595,1774335837797
288,84d37ee9-8688-469d-a4da-ef2b8928b963,/user/start,1774335837798,1774335840834
748,85c42bcb-81ee-44ff-b4ad-87576e483475,/user/normal/manual,1774411120237,1774411131176
749,85c42bcb-81ee-44ff-b4ad-87576e483475,/user/start,1774411131177,1774411166369
102,87762031-aa5a-41e8-b82f-3233d57ca85b,/user/normal/manual,1774334967601,1774335273541
205,87762031-aa5a-41e8-b82f-3233d57ca85b,/user/normal/llm,1774335273543,
298,87762031-aa5a-41e8-b82f-3233d57ca85b,/welcome,1774336193803,1774336201677
307,87762031-aa5a-41e8-b82f-3233d57ca85b,/user/start,1774336201678,1774336207512
755,8bc98873-cc56-470b-96fc-10000dd560b4,/user/normal/manual,1774411682773,
756,8bc98873-cc56-470b-96fc-10000dd560b4,/user/start,1774411862823,
672,8c97eb44-822c-4396-83cb-c7afb6c98d07,/user/normal/manual,1774337027184,1774337030372
673,8c97eb44-822c-4396-83cb-c7afb6c98d07,/user/start,1774337030373,1774337031791
674,8c97eb44-822c-4396-83cb-c7afb6c98d07,/welcome,1774337031791,
473,8d287daf-05b5-4e0c-b56f-68d0d7ec6d95,/user/normal/manual,1774336330013,1774336354269
491,8d287daf-05b5-4e0c-b56f-68d0d7ec6d95,/user/start,1774336354270,
505,8d287daf-05b5-4e0c-b56f-68d0d7ec6d95,/user/start,1774336361606,
524,8d287daf-05b5-4e0c-b56f-68d0d7ec6d95,/welcome,1774336378012,1774336379177
526,8d287daf-05b5-4e0c-b56f-68d0d7ec6d95,/user/start,1774336379178,1774336389325
107,8fc8a9b4-c0ec-4683-b599-f038469f4515,/user/normal/manual,1774334975276,1774335312844
210,8fc8a9b4-c0ec-4683-b599-f038469f4515,/user/normal/llm,1774335312846,
213,8fc8a9b4-c0ec-4683-b599-f038469f4515,/user/normal/llm,1774335317663,
214,8fc8a9b4-c0ec-4683-b599-f038469f4515,/user/normal/llm,1774335319389,
215,8fc8a9b4-c0ec-4683-b599-f038469f4515,/user/normal/llm,1774335320227,
216,8fc8a9b4-c0ec-4683-b599-f038469f4515,/user/normal/llm,1774335320900,
217,8fc8a9b4-c0ec-4683-b599-f038469f4515,/user/normal/llm,1774335321544,
218,8fc8a9b4-c0ec-4683-b599-f038469f4515,/user/normal/llm,1774335322410,
226,8fc8a9b4-c0ec-4683-b599-f038469f4515,/user/normal/llm,1774335327954,
227,8fc8a9b4-c0ec-4683-b599-f038469f4515,/user/normal/llm,1774335328703,
230,8fc8a9b4-c0ec-4683-b599-f038469f4515,/user/normal/llm,1774335332384,
231,8fc8a9b4-c0ec-4683-b599-f038469f4515,/user/normal/llm,1774335332750,
233,8fc8a9b4-c0ec-4683-b599-f038469f4515,/user/normal/llm,1774335333465,
235,8fc8a9b4-c0ec-4683-b599-f038469f4515,/user/normal/llm,1774335333967,
240,8fc8a9b4-c0ec-4683-b599-f038469f4515,/user/normal/llm,1774335339792,
241,8fc8a9b4-c0ec-4683-b599-f038469f4515,/user/normal/llm,1774335340476,
242,8fc8a9b4-c0ec-4683-b599-f038469f4515,/user/normal/llm,1774335341056,
243,8fc8a9b4-c0ec-4683-b599-f038469f4515,/user/normal/llm,1774335341683,
269,8fc8a9b4-c0ec-4683-b599-f038469f4515,/user/normal/llm,1774335595052,
270,8fc8a9b4-c0ec-4683-b599-f038469f4515,/user/normal/llm,1774335598465,
271,8fc8a9b4-c0ec-4683-b599-f038469f4515,/user/normal/llm,1774335599595,
392,8fc8a9b4-c0ec-4683-b599-f038469f4515,/welcome,1774336250310,1774336257366
402,8fc8a9b4-c0ec-4683-b599-f038469f4515,/user/start,1774336257367,1774336260555
428,91403af4-aa94-4c6f-9946-13f08a670bb7,/user/normal/manual,1774336287261,1774336304876
440,91403af4-aa94-4c6f-9946-13f08a670bb7,/user/start,1774336304877,1774336320351
104,9170a8f4-a57b-4ee6-af19-3a173885911d,/user/normal/manual,1774334943511,1774335136730
168,9170a8f4-a57b-4ee6-af19-3a173885911d,/user/normal/llm,1774335136733,
169,9170a8f4-a57b-4ee6-af19-3a173885911d,/user/normal/llm,1774335139301,
261,9170a8f4-a57b-4ee6-af19-3a173885911d,/user/normal/llm,1774335416472,
308,9170a8f4-a57b-4ee6-af19-3a173885911d,/user/normal/llm,1774336175102,1774336388802
565,9170a8f4-a57b-4ee6-af19-3a173885911d,/user/visualization,1774336388803,1774337157974
698,9170a8f4-a57b-4ee6-af19-3a173885911d,/user/survey,1774337157975,
126,91feb35d-62a6-4df1-b6f6-a7c90da5f1e8,/user/normal/manual,1774334998689,
436,94f32dee-8198-4513-8731-fdaa984236c0,/user/normal/manual,1774336300914,1774336414733
469,94f32dee-8198-4513-8731-fdaa984236c0,/,1774336326827,1774336326837
470,94f32dee-8198-4513-8731-fdaa984236c0,/welcome,1774336326837,1774336339258
482,94f32dee-8198-4513-8731-fdaa984236c0,/user/start,1774336339259,1774336354412
492,94f32dee-8198-4513-8731-fdaa984236c0,/welcome,1774336354412,1774336355782
494,94f32dee-8198-4513-8731-fdaa984236c0,/user/start,1774336355782,1774336364591
513,94f32dee-8198-4513-8731-fdaa984236c0,/user/normal/manual,1774336364592,1774336367948
516,94f32dee-8198-4513-8731-fdaa984236c0,/user/start,1774336367949,1774336531409
531,94f32dee-8198-4513-8731-fdaa984236c0,/user/start,1774336383728,1774336386947
536,94f32dee-8198-4513-8731-fdaa984236c0,/welcome,1774336386949,1774336395930
549,94f32dee-8198-4513-8731-fdaa984236c0,/user/start,1774336395930,1774336400550
132,9a0655e5-4ef1-4c03-bdc8-54069d1cebfb,/user/normal/manual,1774335007841,1774335334911
238,9a0655e5-4ef1-4c03-bdc8-54069d1cebfb,/user/normal/llm,1774335334913,
239,9a0655e5-4ef1-4c03-bdc8-54069d1cebfb,/user/normal/llm,1774335337543,
262,9a0655e5-4ef1-4c03-bdc8-54069d1cebfb,/user/normal/llm,1774335469538,1774335471496
263,9a0655e5-4ef1-4c03-bdc8-54069d1cebfb,/user/normal/manual,1774335471497,1774335471858
264,9a0655e5-4ef1-4c03-bdc8-54069d1cebfb,/user/normal/llm,1774335471859,1774335472669
265,9a0655e5-4ef1-4c03-bdc8-54069d1cebfb,/user/start,1774335472670,
320,9a0655e5-4ef1-4c03-bdc8-54069d1cebfb,/welcome,1774336208598,1774336210353
322,9a0655e5-4ef1-4c03-bdc8-54069d1cebfb,/user/start,1774336210353,1774336219256
1,9c214106-1b27-4949-bdc8-de414c7dfa5d,/,1774199616068,1774199616092
2,9c214106-1b27-4949-bdc8-de414c7dfa5d,/welcome,1774199616093,1774199620890
3,9c214106-1b27-4949-bdc8-de414c7dfa5d,/user/start,1774199620891,1774199624736
341,9cad3b18-0c16-436c-b659-04ae1ea211de,/user/normal/manual,1774336219963,1774336325855
468,9cad3b18-0c16-436c-b659-04ae1ea211de,/user/normal/llm,1774336325856,
430,a3710593-cf24-4f1e-9e04-d0e2a23c64fc,/user/normal/manual,1774336293642,1774336297092
431,a3710593-cf24-4f1e-9e04-d0e2a23c64fc,/user/start,1774336297093,1774336307560
350,a8629afd-18d1-43bb-ba02-23b64d30faef,/user/normal/manual,1774336223086,1774336223783
351,a8629afd-18d1-43bb-ba02-23b64d30faef,/user/start,1774336223785,1774336224610
352,a8629afd-18d1-43bb-ba02-23b64d30faef,/user/normal/manual,1774336224611,1774336229445
360,a8629afd-18d1-43bb-ba02-23b64d30faef,/user/start,1774336229447,1774336232177
43,a8e9236a-4e78-48a4-8fc6-c9fcbbc722da,/user/normal/manual,1774331829732,1774331906209
49,a8e9236a-4e78-48a4-8fc6-c9fcbbc722da,/user/normal/llm,1774331906210,
50,a8e9236a-4e78-48a4-8fc6-c9fcbbc722da,/user/normal/llm,1774331912574,
51,a8e9236a-4e78-48a4-8fc6-c9fcbbc722da,/welcome,1774332848011,1774332863592
52,a8e9236a-4e78-48a4-8fc6-c9fcbbc722da,/user/start,1774332863592,1774332897853
752,a99b1796-1ef7-4f1e-ae96-d4efa161a658,/user/normal/manual,1774411457846,1774411483715
753,a99b1796-1ef7-4f1e-ae96-d4efa161a658,/user/normal/llm,1774411483716,
754,a99b1796-1ef7-4f1e-ae96-d4efa161a658,/user/start,1774411661113,1774411682772
377,a99c176c-63a6-4752-8d39-3167a9bbf0d5,/user/normal/manual,1774336238921,1774336245418
383,a99c176c-63a6-4752-8d39-3167a9bbf0d5,/user/start,1774336245419,1774336253171
426,ac18488f-2ae7-43c3-8a40-0ebeed7a9bf3,/user/normal/manual,1774336284051,1774336297617
432,ac18488f-2ae7-43c3-8a40-0ebeed7a9bf3,/user/start,1774336297618,1774336305493
372,addb0910-11de-486a-b379-1e7b43055cb8,/user/normal/manual,1774336236388,1774336239007
378,addb0910-11de-486a-b379-1e7b43055cb8,/user/start,1774336239009,1774336248542
99,af3e8b8f-3f7c-42a3-8515-e22725b964bf,/user/normal/manual,1774334961983,
279,af3e8b8f-3f7c-42a3-8515-e22725b964bf,/user/normal/manual,1774335717693,
677,af3e8b8f-3f7c-42a3-8515-e22725b964bf,/welcome,1774337072316,1774337073511
678,af3e8b8f-3f7c-42a3-8515-e22725b964bf,/user/start,1774337073511,1774337080089
234,b1f005c6-fc6b-45ce-a74b-1762bba0c31b,/user/normal/manual,1774335333870,
117,b1f1ca7b-3e68-4ffa-99d8-b3bc29124882,/user/normal/manual,1774334987944,1774335249583
192,b1f1ca7b-3e68-4ffa-99d8-b3bc29124882,/user/normal/llm,1774335249584,
194,b1f1ca7b-3e68-4ffa-99d8-b3bc29124882,/user/normal/llm,1774335258554,
266,b1f1ca7b-3e68-4ffa-99d8-b3bc29124882,/user/normal/llm,1774335485797,
313,b1f1ca7b-3e68-4ffa-99d8-b3bc29124882,/user/normal/llm,1774336205630,1774336593376
627,b1f1ca7b-3e68-4ffa-99d8-b3bc29124882,/user/visualization,1774336593376,1774337006569
671,b1f1ca7b-3e68-4ffa-99d8-b3bc29124882,/user/survey,1774337006569,
680,b1f1ca7b-3e68-4ffa-99d8-b3bc29124882,/user/survey,1774337106474,
685,b1f1ca7b-3e68-4ffa-99d8-b3bc29124882,/user/survey,1774337120340,
319,b4241dc0-dd0f-476f-b703-0db1e54d326b,/user/normal/manual,1774336208263,
445,b4241dc0-dd0f-476f-b703-0db1e54d326b,/welcome,1774336308224,1774336310006
446,b4241dc0-dd0f-476f-b703-0db1e54d326b,/user/start,1774336310008,1774336340935
485,b4241dc0-dd0f-476f-b703-0db1e54d326b,/user/normal/manual,1774336340940,1774336356789
500,b4241dc0-dd0f-476f-b703-0db1e54d326b,/user/start,1774336356791,1774336368260
517,b4241dc0-dd0f-476f-b703-0db1e54d326b,/user/normal/manual,1774336368264,1774336393855
545,b4241dc0-dd0f-476f-b703-0db1e54d326b,/user/normal/llm,1774336393857,1774337551059
712,b4241dc0-dd0f-476f-b703-0db1e54d326b,/user/visualization,1774337551061,1774337557241
713,b4241dc0-dd0f-476f-b703-0db1e54d326b,/user/survey,1774337557244,
120,b433fac4-d49f-4ee8-ab2b-efd51f399b86,/user/normal/manual,1774334994713,1774335145263
154,b433fac4-d49f-4ee8-ab2b-efd51f399b86,/user/normal/llm,1774335145264,
161,b433fac4-d49f-4ee8-ab2b-efd51f399b86,/user/normal/llm,1774335149172,
184,b433fac4-d49f-4ee8-ab2b-efd51f399b86,/user/normal/llm,1774335235945,
361,b433fac4-d49f-4ee8-ab2b-efd51f399b86,/welcome,1774336229992,1774336235284
370,b433fac4-d49f-4ee8-ab2b-efd51f399b86,/user/start,1774336235284,1774336238919
336,b53479f7-2a8e-43ee-b8e0-7ca5ecec7da0,/user/normal/manual,1774336218575,
353,b53479f7-2a8e-43ee-b8e0-7ca5ecec7da0,/user/normal/llm,1774336225733,1774336225886
354,b53479f7-2a8e-43ee-b8e0-7ca5ecec7da0,/user/normal/manual,1774336225896,1774336376982
522,b53479f7-2a8e-43ee-b8e0-7ca5ecec7da0,/user/normal/llm,1774336376985,1774336460715
585,b53479f7-2a8e-43ee-b8e0-7ca5ecec7da0,/user/visualization,1774336460718,
108,b6259e9b-3065-4651-9a60-deaf3158dbb6,/user/normal/manual,1774334975917,1774335140696
150,b6259e9b-3065-4651-9a60-deaf3158dbb6,/user/normal/llm,1774335140699,
152,b6259e9b-3065-4651-9a60-deaf3158dbb6,/user/normal/llm,1774335143475,
155,b6259e9b-3065-4651-9a60-deaf3158dbb6,/user/normal/llm,1774335145738,
157,b6259e9b-3065-4651-9a60-deaf3158dbb6,/user/normal/llm,1774335146871,
159,b6259e9b-3065-4651-9a60-deaf3158dbb6,/user/normal/llm,1774335148289,
163,b6259e9b-3065-4651-9a60-deaf3158dbb6,/user/normal/llm,1774335155455,1774335157420
165,b6259e9b-3065-4651-9a60-deaf3158dbb6,/user/normal/manual,1774335157426,1774335157891
166,b6259e9b-3065-4651-9a60-deaf3158dbb6,/user/normal/llm,1774335157895,
246,b6259e9b-3065-4651-9a60-deaf3158dbb6,/user/normal/llm,1774335352088,
247,b6259e9b-3065-4651-9a60-deaf3158dbb6,/user/normal/llm,1774335354368,
248,b6259e9b-3065-4651-9a60-deaf3158dbb6,/user/normal/llm,1774335355523,
297,b6259e9b-3065-4651-9a60-deaf3158dbb6,/user/normal/llm,1774336193800,
300,b6259e9b-3065-4651-9a60-deaf3158dbb6,/user/normal/llm,1774336195772,
302,b6259e9b-3065-4651-9a60-deaf3158dbb6,/user/normal/llm,1774336197102,
311,b6259e9b-3065-4651-9a60-deaf3158dbb6,/welcome,1774336204277,1774336206500
314,b6259e9b-3065-4651-9a60-deaf3158dbb6,/user/start,1774336206503,1774336218567
733,b74791d6-56db-42c6-8627-334bf28562bc,/user/normal/manual,1774343840406,1774343888227
734,b74791d6-56db-42c6-8627-334bf28562bc,/user/normal/llm,1774343888228,1774343930350
735,b74791d6-56db-42c6-8627-334bf28562bc,/user/normal/manual,1774343930351,1774343930870
736,b74791d6-56db-42c6-8627-334bf28562bc,/user/normal/llm,1774343930871,1774343931171
737,b74791d6-56db-42c6-8627-334bf28562bc,/user/normal/manual,1774343931172,1774343931727
738,b74791d6-56db-42c6-8627-334bf28562bc,/user/normal/llm,1774343931728,
66,bb906bfc-3f63-483f-9cc9-01e5c012c071,/user/normal/manual,1774332936933,1774333016941
70,bb906bfc-3f63-483f-9cc9-01e5c012c071,/user/normal/llm,1774333016942,1774333140968
72,bb906bfc-3f63-483f-9cc9-01e5c012c071,/user/visualization,1774333140969,1774333153488
73,bb906bfc-3f63-483f-9cc9-01e5c012c071,/user/survey,1774333153489,
74,bb906bfc-3f63-483f-9cc9-01e5c012c071,/user/survey,1774333163625,
31,bf4e2a3c-d7be-4953-aad9-89ac28d4a262,/user/start,1774273156688,1774273329695
406,c2848b46-f089-4bc1-99a7-15517d94533e,/user/normal/manual,1774336261890,1774336307319
443,c2848b46-f089-4bc1-99a7-15517d94533e,/user/start,1774336307320,
452,c2848b46-f089-4bc1-99a7-15517d94533e,/user/start,1774336314987,1774336333167
566,c59b4fe7-6bc4-45d3-be0d-6a9928077a4b,/user/normal/manual,1774336416521,1774336444520
578,c59b4fe7-6bc4-45d3-be0d-6a9928077a4b,/user/normal/llm,1774336444521,1774336501900
606,c59b4fe7-6bc4-45d3-be0d-6a9928077a4b,/user/visualization,1774336501903,1774337112814
682,c59b4fe7-6bc4-45d3-be0d-6a9928077a4b,/user/survey,1774337112816,
289,c6bdcaeb-eeaf-4dff-8120-684462595d43,/user/normal/manual,1774335840835,
330,c6bdcaeb-eeaf-4dff-8120-684462595d43,/welcome,1774336214685,1774336216161
332,c6bdcaeb-eeaf-4dff-8120-684462595d43,/user/start,1774336216162,1774336218742
535,c70e5be2-b601-4eb6-99bd-6d7e998e7c0b,/user/normal/manual,1774336385387,1774336388032
537,c70e5be2-b601-4eb6-99bd-6d7e998e7c0b,/user/start,1774336388033,1774336390375
542,c70e5be2-b601-4eb6-99bd-6d7e998e7c0b,/user/normal/manual,1774336390377,
596,c70e5be2-b601-4eb6-99bd-6d7e998e7c0b,/welcome,1774336486650,1774336488577
598,c70e5be2-b601-4eb6-99bd-6d7e998e7c0b,/user/start,1774336488578,1774336491357
601,c70e5be2-b601-4eb6-99bd-6d7e998e7c0b,/user/normal/manual,1774336491359,1774336515764
611,c70e5be2-b601-4eb6-99bd-6d7e998e7c0b,/user/normal/llm,1774336515766,1774336655865
637,c70e5be2-b601-4eb6-99bd-6d7e998e7c0b,/user/visualization,1774336655868,1774336860025
662,c70e5be2-b601-4eb6-99bd-6d7e998e7c0b,/user/survey,1774336860026,
663,c70e5be2-b601-4eb6-99bd-6d7e998e7c0b,/user/survey,1774336861786,
681,c70e5be2-b601-4eb6-99bd-6d7e998e7c0b,/user/survey,1774337107317,
689,c70e5be2-b601-4eb6-99bd-6d7e998e7c0b,/user/survey,1774337125201,
331,c716df01-ff8e-43fe-ae4c-09745841029f,/user/normal/manual,1774336215637,
461,c716df01-ff8e-43fe-ae4c-09745841029f,/user/normal/llm,1774336322075,1774336322238
462,c716df01-ff8e-43fe-ae4c-09745841029f,/user/normal/manual,1774336322240,1774336453233
582,c716df01-ff8e-43fe-ae4c-09745841029f,/user/normal/llm,1774336453234,1774337488383
708,c716df01-ff8e-43fe-ae4c-09745841029f,/user/visualization,1774337488384,1774337531452
710,c716df01-ff8e-43fe-ae4c-09745841029f,/user/survey,1774337531453,
444,c8f546a2-0fab-4a94-af00-3a8237ccdada,/user/normal/manual,1774336307562,1774336317421
455,c8f546a2-0fab-4a94-af00-3a8237ccdada,/user/start,1774336317422,1774336320352
458,c8f546a2-0fab-4a94-af00-3a8237ccdada,/user/normal/manual,1774336320354,1774336322967
465,c8f546a2-0fab-4a94-af00-3a8237ccdada,/user/start,1774336322967,1774336330011
384,ca8bd538-9e3f-4cb6-a502-2470f42dd1d9,/user/normal/manual,1774336245746,1774336248465
388,ca8bd538-9e3f-4cb6-a502-2470f42dd1d9,/user/start,1774336248465,1774336254639
476,cc276354-92fd-437f-b288-0d67aee94258,/user/normal/manual,1774336333168,
506,cc276354-92fd-437f-b288-0d67aee94258,/user/normal/llm,1774336361889,1774336362104
507,cc276354-92fd-437f-b288-0d67aee94258,/user/normal/manual,1774336362105,
568,cc276354-92fd-437f-b288-0d67aee94258,/user/normal/llm,1774336421368,1774336421520
569,cc276354-92fd-437f-b288-0d67aee94258,/user/normal/manual,1774336421521,1774336433885
571,cc276354-92fd-437f-b288-0d67aee94258,/user/normal/llm,1774336433885,1774336434034
572,cc276354-92fd-437f-b288-0d67aee94258,/user/normal/manual,1774336434034,
575,cc276354-92fd-437f-b288-0d67aee94258,/user/normal/manual,1774336435210,
608,cc276354-92fd-437f-b288-0d67aee94258,/user/normal/llm,1774336508276,1774336508447
609,cc276354-92fd-437f-b288-0d67aee94258,/user/normal/manual,1774336508448,1774336660902
638,cc276354-92fd-437f-b288-0d67aee94258,/user/normal/llm,1774336660903,
706,cc276354-92fd-437f-b288-0d67aee94258,/user/normal/llm,1774337475414,
105,ce7f1d00-5429-4c2d-8e97-3d08840f31a3,/user/normal/manual,1774334971520,1774335185245
171,ce7f1d00-5429-4c2d-8e97-3d08840f31a3,/user/normal/llm,1774335185247,
339,ce7f1d00-5429-4c2d-8e97-3d08840f31a3,/welcome,1774336219724,1774336231340
364,ce7f1d00-5429-4c2d-8e97-3d08840f31a3,/user/start,1774336231341,1774336237174
115,d0c03a15-0b20-4be1-9e50-6e0cf7f87099,/user/normal/manual,1774334983976,1774335111927
145,d0c03a15-0b20-4be1-9e50-6e0cf7f87099,/user/normal/llm,1774335111929,
146,d0c03a15-0b20-4be1-9e50-6e0cf7f87099,/user/normal/llm,1774335114752,
149,d27f2015-39f2-4cc9-8f15-38751e8678c5,/user/normal/manual,1774335133380,1774337880101
509,d27f2015-39f2-4cc9-8f15-38751e8678c5,/welcome,1774336363625,1774336382412
530,d27f2015-39f2-4cc9-8f15-38751e8678c5,/user/start,1774336382413,1774336395206
543,d295e0a1-1461-46ed-9293-648b8936cf05,/user/normal/manual,1774336390724,1774336510210
610,d295e0a1-1461-46ed-9293-648b8936cf05,/user/normal/llm,1774336510211,1774337125721
690,d295e0a1-1461-46ed-9293-648b8936cf05,/user/visualization,1774337125727,1774337154051
696,d295e0a1-1461-46ed-9293-648b8936cf05,/user/survey,1774337154052,
739,d295e0a1-1461-46ed-9293-648b8936cf05,/user/survey,1774345547923,
363,d37032ad-54a0-46b7-a4a5-8466441b492f,/user/normal/manual,1774336230246,1774336237459
375,d37032ad-54a0-46b7-a4a5-8466441b492f,/user/start,1774336237460,
387,d37032ad-54a0-46b7-a4a5-8466441b492f,/user/normal/llm,1774336248427,1774336248637
389,d37032ad-54a0-46b7-a4a5-8466441b492f,/user/normal/manual,1774336248640,
418,d37032ad-54a0-46b7-a4a5-8466441b492f,/welcome,1774336274309,1774336276104
419,d37032ad-54a0-46b7-a4a5-8466441b492f,/user/start,1774336276104,1774336287259
564,d410c4b2-abee-4160-8269-1cfaa8679b2a,/user/normal/manual,1774336416028,1774336452678
581,d410c4b2-abee-4160-8269-1cfaa8679b2a,/user/normal/llm,1774336452679,1774336593802
628,d410c4b2-abee-4160-8269-1cfaa8679b2a,/user/visualization,1774336593803,
669,d410c4b2-abee-4160-8269-1cfaa8679b2a,/user/visualization,1774336955651,1774336962456
670,d410c4b2-abee-4160-8269-1cfaa8679b2a,/user/survey,1774336962456,
141,d5fa2e44-89d8-4bb5-91af-f69c44548baf,/user/normal/manual,1774335024809,1774335244675
188,d5fa2e44-89d8-4bb5-91af-f69c44548baf,/user/normal/llm,1774335244676,
303,d5fa2e44-89d8-4bb5-91af-f69c44548baf,/welcome,1774336198797,1774336220811
345,d5fa2e44-89d8-4bb5-91af-f69c44548baf,/user/start,1774336220812,1774336230243
131,d6f0ba4f-71ea-4257-87bb-62d84c429fa7,/user/normal/manual,1774335007797,1774335349176
244,d6f0ba4f-71ea-4257-87bb-62d84c429fa7,/user/normal/llm,1774335349177,
245,d6f0ba4f-71ea-4257-87bb-62d84c429fa7,/user/normal/llm,1774335352663,
312,d6f0ba4f-71ea-4257-87bb-62d84c429fa7,/welcome,1774336205318,1774336211750
325,d6f0ba4f-71ea-4257-87bb-62d84c429fa7,/user/start,1774336211751,1774336221851
103,db4a19ec-dc9a-4c8c-a255-cec56b6dd049,/user/normal/manual,1774334968343,1774335239379
185,db4a19ec-dc9a-4c8c-a255-cec56b6dd049,/user/normal/llm,1774335239380,
186,db4a19ec-dc9a-4c8c-a255-cec56b6dd049,/user/normal/llm,1774335241615,
221,db4a19ec-dc9a-4c8c-a255-cec56b6dd049,/user/normal/llm,1774335324997,1774335326529
223,db4a19ec-dc9a-4c8c-a255-cec56b6dd049,/user/normal/manual,1774335326532,1774335326938
224,db4a19ec-dc9a-4c8c-a255-cec56b6dd049,/user/normal/llm,1774335326938,
340,db4a19ec-dc9a-4c8c-a255-cec56b6dd049,/user/normal/llm,1774336219952,1774336853195
661,db4a19ec-dc9a-4c8c-a255-cec56b6dd049,/user/visualization,1774336853196,
348,dc32906a-db46-479e-9ec7-f90afd624b52,/user/normal/manual,1774336222557,1774336302736
437,dc32906a-db46-479e-9ec7-f90afd624b52,/user/start,1774336302737,1774336322880
464,dc32906a-db46-479e-9ec7-f90afd624b52,/user/normal/manual,1774336322883,
472,dc32906a-db46-479e-9ec7-f90afd624b52,/user/normal/manual,1774336329046,1774336331276
474,dc32906a-db46-479e-9ec7-f90afd624b52,/user/start,1774336331276,1774336358316
501,dc32906a-db46-479e-9ec7-f90afd624b52,/user/normal/manual,1774336358317,
527,dc32906a-db46-479e-9ec7-f90afd624b52,/welcome,1774336380065,1774336399966
551,dc32906a-db46-479e-9ec7-f90afd624b52,/user/start,1774336399966,1774336407761
558,dc32906a-db46-479e-9ec7-f90afd624b52,/welcome,1774336407761,1774336494863
602,dc32906a-db46-479e-9ec7-f90afd624b52,/user/start,1774336494864,1774336498637
460,dd155df8-b2a8-4887-b69b-983f06270d37,/user/normal/manual,1774336320353,1774336334674
480,dd155df8-b2a8-4887-b69b-983f06270d37,/user/start,1774336334675,1774336340338
484,dd155df8-b2a8-4887-b69b-983f06270d37,/user/normal/manual,1774336340339,1774336344778
488,dd155df8-b2a8-4887-b69b-983f06270d37,/user/start,1774336344779,1774336356070
495,dd155df8-b2a8-4887-b69b-983f06270d37,/user/normal/manual,1774336356071,
529,dd155df8-b2a8-4887-b69b-983f06270d37,/welcome,1774336380936,1774336385027
533,dd155df8-b2a8-4887-b69b-983f06270d37,/user/start,1774336385027,1774336389495
541,dd155df8-b2a8-4887-b69b-983f06270d37,/user/normal/manual,1774336389497,
593,dd155df8-b2a8-4887-b69b-983f06270d37,/welcome,1774336483980,1774336488074
597,dd155df8-b2a8-4887-b69b-983f06270d37,/user/start,1774336488075,1774336489434
600,dd155df8-b2a8-4887-b69b-983f06270d37,/user/normal/manual,1774336489436,1774336573007
621,dd155df8-b2a8-4887-b69b-983f06270d37,/user/normal/llm,1774336573008,1774336794234
653,dd155df8-b2a8-4887-b69b-983f06270d37,/user/visualization,1774336794235,1774336808618
657,dd155df8-b2a8-4887-b69b-983f06270d37,/user/survey,1774336808619,1774336811156
658,dd155df8-b2a8-4887-b69b-983f06270d37,/user/visualization,1774336811157,1774336816123
659,dd155df8-b2a8-4887-b69b-983f06270d37,/user/survey,1774336816124,
683,dd155df8-b2a8-4887-b69b-983f06270d37,/user/survey,1774337114102,1774337936430
719,dd155df8-b2a8-4887-b69b-983f06270d37,/user/visualization,1774337936431,
98,dd207896-13fb-4910-a317-06e43a3ad64a,/user/normal/manual,1774334960755,1774335091718
144,dd207896-13fb-4910-a317-06e43a3ad64a,/user/normal/llm,1774335091719,
207,dd207896-13fb-4910-a317-06e43a3ad64a,/user/normal/llm,1774335285428,
209,dd207896-13fb-4910-a317-06e43a3ad64a,/user/normal/llm,1774335307300,
293,dd207896-13fb-4910-a317-06e43a3ad64a,/user/normal/llm,1774336185273,
343,dd207896-13fb-4910-a317-06e43a3ad64a,/user/normal/llm,1774336220626,1774336464724
587,dd207896-13fb-4910-a317-06e43a3ad64a,/user/visualization,1774336464726,1774337123294
688,dd207896-13fb-4910-a317-06e43a3ad64a,/user/survey,1774337123295,
740,dd207896-13fb-4910-a317-06e43a3ad64a,/user/survey,1774345895517,
594,e09c71ba-2028-4890-9b63-4d41081798d4,/user/normal/manual,1774336485744,
97,e2e99e85-36a2-4eb7-b61c-d3b18fc67f08,/user/normal/manual,1774334954541,1774335330432
229,e2e99e85-36a2-4eb7-b61c-d3b18fc67f08,/user/normal/llm,1774335330434,
237,e2e99e85-36a2-4eb7-b61c-d3b18fc67f08,/user/normal/llm,1774335334751,
299,e2e99e85-36a2-4eb7-b61c-d3b18fc67f08,/user/normal/llm,1774336194172,
310,e2e99e85-36a2-4eb7-b61c-d3b18fc67f08,/welcome,1774336203067,1774336210624
323,e2e99e85-36a2-4eb7-b61c-d3b18fc67f08,/user/start,1774336210624,1774336215634
395,e3ae7c4a-0dbf-4c6c-9ec3-ce817997360d,/user/normal/manual,1774336253173,1774336280733
421,e3ae7c4a-0dbf-4c6c-9ec3-ce817997360d,/user/start,1774336280734,1774336293640
109,e4850710-5599-4593-981f-284fde9a4ee6,/user/normal/manual,1774334976776,1774335002542
130,e4850710-5599-4593-981f-284fde9a4ee6,/user/start,1774335002543,1774335016718
134,e57001ac-8e42-443e-a431-208cb2a477d0,/user/normal/manual,1774335012031,1774335253632
193,e57001ac-8e42-443e-a431-208cb2a477d0,/user/normal/llm,1774335253633,
195,e57001ac-8e42-443e-a431-208cb2a477d0,/user/normal/llm,1774335258773,
197,e57001ac-8e42-443e-a431-208cb2a477d0,/user/normal/llm,1774335261259,
198,e57001ac-8e42-443e-a431-208cb2a477d0,/user/normal/llm,1774335264357,
306,e57001ac-8e42-443e-a431-208cb2a477d0,/welcome,1774336201480,1774336207568
316,e57001ac-8e42-443e-a431-208cb2a477d0,/user/start,1774336207569,1774336222555
612,e7aad394-bc94-441e-acaa-5f16263da80e,/user/normal/manual,1774336531410,1774336735695
648,e7aad394-bc94-441e-acaa-5f16263da80e,/user/normal/llm,1774336735696,
328,eb55b00a-882c-4f78-a1ea-8aa0c09e60fc,/user/normal/manual,1774336213197,1774336231611
365,eb55b00a-882c-4f78-a1ea-8aa0c09e60fc,/user/start,1774336231613,1774336238671
139,eeaa6c37-e447-4b1d-97fe-4af1e90a1925,/user/normal/manual,1774335018231,1774338394195
721,eeaa6c37-e447-4b1d-97fe-4af1e90a1925,/user/normal/llm,1774338394197,1774338490066
722,eeaa6c37-e447-4b1d-97fe-4af1e90a1925,/user/visualization,1774338490067,1774338493606
723,eeaa6c37-e447-4b1d-97fe-4af1e90a1925,/user/survey,1774338493606,
556,eedef376-efca-4064-8582-5337bc9b70dc,/user/normal/manual,1774336404924,1774336829053
660,eedef376-efca-4064-8582-5337bc9b70dc,/user/normal/llm,1774336829054,1774336952708
668,eedef376-efca-4064-8582-5337bc9b70dc,/user/visualization,1774336952709,1774337465238
702,eedef376-efca-4064-8582-5337bc9b70dc,/user/survey,1774337465239,
475,f145b45d-6f69-43e2-b726-84a8d49467b7,/user/normal/manual,1774336331943,1774336355493
493,f145b45d-6f69-43e2-b726-84a8d49467b7,/welcome,1774336355494,1774336356723
499,f145b45d-6f69-43e2-b726-84a8d49467b7,/user/start,1774336356724,1774336363084
508,f145b45d-6f69-43e2-b726-84a8d49467b7,/user/normal/manual,1774336363085,1774336370474
520,f145b45d-6f69-43e2-b726-84a8d49467b7,/user/start,1774336370475,1774336402051
553,f145b45d-6f69-43e2-b726-84a8d49467b7,/user/normal/manual,1774336402051,1774336406894
557,f145b45d-6f69-43e2-b726-84a8d49467b7,/welcome,1774336406894,1774336410999
560,f145b45d-6f69-43e2-b726-84a8d49467b7,/user/start,1774336410999,1774336432506
278,f205e706-8703-471c-b8fb-c1062c5eb123,/user/normal/manual,1774335696554,1774335733786
280,f205e706-8703-471c-b8fb-c1062c5eb123,/user/start,1774335733787,
318,f205e706-8703-471c-b8fb-c1062c5eb123,/welcome,1774336207475,1774336233455
369,f205e706-8703-471c-b8fb-c1062c5eb123,/user/start,1774336233455,1774336236386
143,f3ee5c11-8b83-48ce-975b-300d775174d6,/user/normal/manual,1774335029224,1774336383727
344,f3ee5c11-8b83-48ce-975b-300d775174d6,/welcome,1774336220499,1774336236131
371,f3ee5c11-8b83-48ce-975b-300d775174d6,/user/start,1774336236132,1774336249237
317,f4a42f12-31bb-41f2-a22d-77e8ae92fedb,/user/normal/manual,1774336207514,1774336216731
333,f4a42f12-31bb-41f2-a22d-77e8ae92fedb,/user/start,1774336216732,1774336233284
127,f4f102d2-791b-4766-b3df-ceaad7c1c653,/user/normal/manual,1774334999598,1774335000823
128,f4f102d2-791b-4766-b3df-ceaad7c1c653,/user/start,1774335000824,1774335007796
570,f4fdd9a6-79b8-4dec-9eff-3fe3f8a0e31e,/user/normal/manual,1774336432506,1774336486520
595,f4fdd9a6-79b8-4dec-9eff-3fe3f8a0e31e,/welcome,1774336486522,
599,f4fdd9a6-79b8-4dec-9eff-3fe3f8a0e31e,/welcome,1774336488943,1774336495832
603,f4fdd9a6-79b8-4dec-9eff-3fe3f8a0e31e,/user/start,1774336495833,1774336498078
604,f4fdd9a6-79b8-4dec-9eff-3fe3f8a0e31e,/user/normal/manual,1774336498079,1774336564758
618,f4fdd9a6-79b8-4dec-9eff-3fe3f8a0e31e,/user/normal/llm,1774336564759,1774336645887
635,f4fdd9a6-79b8-4dec-9eff-3fe3f8a0e31e,/user/visualization,1774336645889,1774336672940
639,f4fdd9a6-79b8-4dec-9eff-3fe3f8a0e31e,/user/normal/llm,1774336672940,1774336677411
640,f4fdd9a6-79b8-4dec-9eff-3fe3f8a0e31e,/user/normal/manual,1774336677413,
741,f4fdd9a6-79b8-4dec-9eff-3fe3f8a0e31e,/user/normal/manual,1774349685449,
129,f54682c8-eace-47d6-8cc0-ae2b702ca85b,/user/normal/manual,1774335001729,1774335324412
219,f54682c8-eace-47d6-8cc0-ae2b702ca85b,/user/normal/llm,1774335324413,
225,f54682c8-eace-47d6-8cc0-ae2b702ca85b,/user/normal/llm,1774335327568,
228,f54682c8-eace-47d6-8cc0-ae2b702ca85b,/user/normal/llm,1774335329052,
232,f54682c8-eace-47d6-8cc0-ae2b702ca85b,/user/normal/llm,1774335332925,
276,f54682c8-eace-47d6-8cc0-ae2b702ca85b,/welcome,1774335663630,1774335674801
277,f54682c8-eace-47d6-8cc0-ae2b702ca85b,/user/start,1774335674801,1774335696553
555,f6ecb86f-59aa-40ca-a871-32a69e77afb4,/user/normal/manual,1774336402267,1774336409628
559,f6ecb86f-59aa-40ca-a871-32a69e77afb4,/user/start,1774336409629,1774336416026
404,f926b9d8-8191-4748-802c-898cca329240,/user/normal/manual,1774336260557,1774336347818
490,f926b9d8-8191-4748-802c-898cca329240,/user/normal/llm,1774336347820,1774336590842
625,f926b9d8-8191-4748-802c-898cca329240,/user/normal/manual,1774336590843,1774336591501
626,f926b9d8-8191-4748-802c-898cca329240,/user/normal/llm,1774336591502,1774336594251
629,f926b9d8-8191-4748-802c-898cca329240,/user/visualization,1774336594253,
691,f926b9d8-8191-4748-802c-898cca329240,/user/visualization,1774337126665,1774337141090
694,f926b9d8-8191-4748-802c-898cca329240,/user/survey,1774337141102,
750,f96b7ef2-cbcc-40b2-9ee9-a8debe1df7d2,/user/normal/manual,1774411166369,1774411173211
751,f96b7ef2-cbcc-40b2-9ee9-a8debe1df7d2,/user/start,1774411173211,1774411457846
438,ff3b7a24-998b-4c02-8218-e7cd6cd65518,/user/normal/manual,1774336302941,1774336314225
451,ff3b7a24-998b-4c02-8218-e7cd6cd65518,/welcome,1774336314227,1774336318264
457,ff3b7a24-998b-4c02-8218-e7cd6cd65518,/user/start,1774336318264,1774336331941